0 verbose cli D:\node\node.exe D:\node\node_modules\npm\bin\npm-cli.js
1 info using npm@10.8.2
2 info using node@v20.19.0
3 silly config load:file:D:\node\node_modules\npm\npmrc
4 silly config load:file:E:\FactorX\frontend\.npmrc
5 silly config load:file:C:\Users\HP\.npmrc
6 silly config load:file:C:\Users\HP\npm-global\etc\npmrc
7 verbose title npm install
8 verbose argv "install"
9 verbose logfile logs-max:10 dir:e:\FactorX\.npm-cache\_logs\2026-08-12T18_05_52_597Z-
10 verbose logfile e:\FactorX\.npm-cache\_logs\2026-08-12T18_05_52_597Z-debug-0.log
11 silly packumentCache heap:4345298944 maxSize:1086324736 maxEntrySize:543162368
12 silly logfile done cleaning log files
13 silly idealTree buildDeps
14 silly fetch manifest axios@^1.7.7
15 silly packumentCache full:https://registry.npmmirror.com/axios cache-miss
16 http fetch GET 200 https://registry.npmmirror.com/axios 228ms (cache miss)
17 silly packumentCache full:https://registry.npmmirror.com/axios set size:139096 disposed:false
18 silly fetch manifest react@^18.3.1
19 silly packumentCache full:https://registry.npmmirror.com/react cache-miss
20 http fetch GET 200 https://registry.npmmirror.com/react 650ms (cache miss)
21 silly packumentCache full:https://registry.npmmirror.com/react set size:1250673 disposed:false
22 silly fetch manifest react-dom@^18.3.1
23 silly packumentCache full:https://registry.npmmirror.com/react-dom cache-miss
24 http fetch GET 200 https://registry.npmmirror.com/react-dom 368ms (cache miss)
25 silly packumentCache full:https://registry.npmmirror.com/react-dom set size:1430233 disposed:false
26 silly fetch manifest recharts@^2.13.0
27 silly packumentCache full:https://registry.npmmirror.com/recharts cache-miss
28 http fetch GET 200 https://registry.npmmirror.com/recharts 78ms (cache miss)
29 silly packumentCache full:https://registry.npmmirror.com/recharts set size:165945 disposed:false
30 silly fetch manifest @types/react@^18.3.5
31 silly packumentCache full:https://registry.npmmirror.com/@types%2freact cache-miss
32 http fetch GET 200 https://registry.npmmirror.com/@types%2freact 111ms (cache miss)
33 silly packumentCache full:https://registry.npmmirror.com/@types%2freact set size:337419 disposed:false
34 silly fetch manifest @types/react-dom@^18.3.0
35 silly packumentCache full:https://registry.npmmirror.com/@types%2freact-dom cache-miss
36 http fetch GET 200 https://registry.npmmirror.com/@types%2freact-dom 90ms (cache miss)
37 silly packumentCache full:https://registry.npmmirror.com/@types%2freact-dom set size:83453 disposed:false
38 silly fetch manifest @vitejs/plugin-react@^4.3.1
39 silly packumentCache full:https://registry.npmmirror.com/@vitejs%2fplugin-react cache-miss
40 http fetch GET 200 https://registry.npmmirror.com/@vitejs%2fplugin-react 78ms (cache miss)
41 silly packumentCache full:https://registry.npmmirror.com/@vitejs%2fplugin-react set size:59224 disposed:false
42 silly fetch manifest vite@^5.4.8
43 silly packumentCache full:https://registry.npmmirror.com/vite cache-miss
44 http fetch GET 200 https://registry.npmmirror.com/vite 1592ms (cache miss)
45 silly packumentCache full:https://registry.npmmirror.com/vite set size:6248752 disposed:false
46 silly fetch manifest @types/node@^18.0.0 || >=20.0.0
47 silly packumentCache full:https://registry.npmmirror.com/@types%2fnode cache-miss
48 http fetch GET 200 https://registry.npmmirror.com/@types%2fnode 268ms (cache miss)
49 silly packumentCache full:https://registry.npmmirror.com/@types%2fnode set size:1167272 disposed:false
50 silly fetch manifest less@*
51 silly packumentCache full:https://registry.npmmirror.com/less cache-miss
52 http fetch GET 200 https://registry.npmmirror.com/less 50ms (cache miss)
53 silly packumentCache full:https://registry.npmmirror.com/less set size:55905 disposed:false
54 silly fetch manifest lightningcss@^1.21.0
55 silly packumentCache full:https://registry.npmmirror.com/lightningcss cache-miss
56 http fetch GET 200 https://registry.npmmirror.com/lightningcss 37ms (cache miss)
57 silly packumentCache full:https://registry.npmmirror.com/lightningcss set size:32915 disposed:false
58 silly fetch manifest sass@*
59 silly packumentCache full:https://registry.npmmirror.com/sass cache-miss
60 http fetch GET 200 https://registry.npmmirror.com/sass 45ms (cache miss)
61 silly packumentCache full:https://registry.npmmirror.com/sass set size:128938 disposed:false
62 silly fetch manifest sass-embedded@*
63 silly packumentCache full:https://registry.npmmirror.com/sass-embedded cache-miss
64 http fetch GET 200 https://registry.npmmirror.com/sass-embedded 39ms (cache miss)
65 silly packumentCache full:https://registry.npmmirror.com/sass-embedded set size:75560 disposed:false
66 silly fetch manifest stylus@*
67 silly packumentCache full:https://registry.npmmirror.com/stylus cache-miss
68 http fetch GET 200 https://registry.npmmirror.com/stylus 39ms (cache miss)
69 silly packumentCache full:https://registry.npmmirror.com/stylus set size:65242 disposed:false
70 silly fetch manifest sugarss@*
71 silly packumentCache full:https://registry.npmmirror.com/sugarss cache-miss
72 http fetch GET 200 https://registry.npmmirror.com/sugarss 25ms (cache miss)
73 silly packumentCache full:https://registry.npmmirror.com/sugarss set size:8151 disposed:false
74 silly fetch manifest postcss@^8.3.3
75 silly packumentCache full:https://registry.npmmirror.com/postcss cache-miss
76 http fetch GET 200 https://registry.npmmirror.com/postcss 40ms (cache miss)
77 silly packumentCache full:https://registry.npmmirror.com/postcss set size:103137 disposed:false
78 silly fetch manifest terser@^5.4.0
79 silly packumentCache full:https://registry.npmmirror.com/terser cache-miss
80 http fetch GET 200 https://registry.npmmirror.com/terser 61ms (cache miss)
81 silly packumentCache full:https://registry.npmmirror.com/terser set size:114493 disposed:false
82 silly fetch manifest typescript@^5.5.4
83 silly packumentCache full:https://registry.npmmirror.com/typescript cache-miss
84 http fetch GET 200 https://registry.npmmirror.com/typescript 408ms (cache miss)
85 silly packumentCache full:https://registry.npmmirror.com/typescript set size:1703716 disposed:false
86 silly placeDep ROOT @types/react@18.3.31 OK for: factorx-frontend@0.1.0 want: ^18.3.5
87 silly placeDep ROOT @types/react-dom@18.3.7 OK for: factorx-frontend@0.1.0 want: ^18.3.0
88 silly placeDep ROOT @vitejs/plugin-react@4.7.0 OK for: factorx-frontend@0.1.0 want: ^4.3.1
89 silly placeDep ROOT vite@5.4.21 OK for: @vitejs/plugin-react@4.7.0 want: ^4.2.0 || ^5.0.0 || ^6.0.0 || ^7.0.0
90 silly placeDep ROOT axios@1.19.0 OK for: factorx-frontend@0.1.0 want: ^1.7.7
91 silly placeDep ROOT react@18.3.1 OK for: factorx-frontend@0.1.0 want: ^18.3.1
92 silly placeDep ROOT react-dom@18.3.1 OK for: factorx-frontend@0.1.0 want: ^18.3.1
93 silly placeDep ROOT recharts@2.15.4 OK for: factorx-frontend@0.1.0 want: ^2.13.0
94 silly placeDep ROOT typescript@5.9.3 OK for: factorx-frontend@0.1.0 want: ^5.5.4
95 silly fetch manifest csstype@^3.2.2
96 silly packumentCache full:https://registry.npmmirror.com/csstype cache-miss
97 silly fetch manifest @types/prop-types@*
98 silly packumentCache full:https://registry.npmmirror.com/@types%2fprop-types cache-miss
99 silly fetch manifest @babel/core@^7.28.0
100 silly packumentCache full:https://registry.npmmirror.com/@babel%2fcore cache-miss
101 silly fetch manifest @babel/plugin-transform-react-jsx-self@^7.27.1
102 silly packumentCache full:https://registry.npmmirror.com/@babel%2fplugin-transform-react-jsx-self cache-miss
103 silly fetch manifest @babel/plugin-transform-react-jsx-source@^7.27.1
104 silly packumentCache full:https://registry.npmmirror.com/@babel%2fplugin-transform-react-jsx-source cache-miss
105 silly fetch manifest @rolldown/pluginutils@1.0.0-beta.27
106 silly packumentCache full:https://registry.npmmirror.com/@rolldown%2fpluginutils cache-miss
107 silly fetch manifest @types/babel__core@^7.20.5
108 silly packumentCache full:https://registry.npmmirror.com/@types%2fbabel__core cache-miss
109 silly fetch manifest react-refresh@^0.17.0
110 silly packumentCache full:https://registry.npmmirror.com/react-refresh cache-miss
111 silly fetch manifest esbuild@^0.21.3
112 silly packumentCache full:https://registry.npmmirror.com/esbuild cache-miss
113 silly fetch manifest postcss@^8.4.43
114 silly packumentCache full:https://registry.npmmirror.com/postcss cache-hit
115 silly fetch manifest rollup@^4.20.0
116 silly packumentCache full:https://registry.npmmirror.com/rollup cache-miss
117 silly fetch manifest fsevents@~2.3.3
118 silly packumentCache full:https://registry.npmmirror.com/fsevents cache-miss
119 silly fetch manifest form-data@^4.0.6
120 silly packumentCache full:https://registry.npmmirror.com/form-data cache-miss
121 silly fetch manifest proxy-from-env@^2.1.0
122 silly packumentCache full:https://registry.npmmirror.com/proxy-from-env cache-miss
123 silly fetch manifest follow-redirects@^1.16.0
124 silly packumentCache full:https://registry.npmmirror.com/follow-redirects cache-miss
125 silly fetch manifest https-proxy-agent@^5.0.1
126 silly packumentCache full:https://registry.npmmirror.com/https-proxy-agent cache-miss
127 silly fetch manifest loose-envify@^1.1.0
128 silly packumentCache full:https://registry.npmmirror.com/loose-envify cache-miss
129 silly fetch manifest loose-envify@^1.1.0
130 silly packumentCache full:https://registry.npmmirror.com/loose-envify cache-miss
131 silly fetch manifest scheduler@^0.23.2
132 silly packumentCache full:https://registry.npmmirror.com/scheduler cache-miss
133 silly fetch manifest clsx@^2.0.0
134 silly packumentCache full:https://registry.npmmirror.com/clsx cache-miss
135 silly fetch manifest eventemitter3@^4.0.1
136 silly packumentCache full:https://registry.npmmirror.com/eventemitter3 cache-miss
137 silly fetch manifest lodash@^4.17.21
138 silly packumentCache full:https://registry.npmmirror.com/lodash cache-miss
139 silly fetch manifest react-is@^18.3.1
140 silly packumentCache full:https://registry.npmmirror.com/react-is cache-miss
141 silly fetch manifest react-smooth@^4.0.4
142 silly packumentCache full:https://registry.npmmirror.com/react-smooth cache-miss
143 silly fetch manifest recharts-scale@^0.4.4
144 silly packumentCache full:https://registry.npmmirror.com/recharts-scale cache-miss
145 silly fetch manifest tiny-invariant@^1.3.1
146 silly packumentCache full:https://registry.npmmirror.com/tiny-invariant cache-miss
147 silly fetch manifest victory-vendor@^36.6.8
148 silly packumentCache full:https://registry.npmmirror.com/victory-vendor cache-miss
149 http fetch GET 200 https://registry.npmmirror.com/csstype 46ms (cache miss)
150 silly packumentCache full:https://registry.npmmirror.com/csstype set size:41498 disposed:false
151 http fetch GET 200 https://registry.npmmirror.com/loose-envify 106ms (cache miss)
152 silly packumentCache full:https://registry.npmmirror.com/loose-envify set size:2934 disposed:false
153 http fetch GET 200 https://registry.npmmirror.com/fsevents 167ms (cache miss)
154 silly packumentCache full:https://registry.npmmirror.com/fsevents set size:16344 disposed:false
155 http fetch GET 200 https://registry.npmmirror.com/proxy-from-env 173ms (cache miss)
156 silly packumentCache full:https://registry.npmmirror.com/proxy-from-env set size:6518 disposed:false
157 http fetch GET 200 https://registry.npmmirror.com/follow-redirects 208ms (cache miss)
158 silly packumentCache full:https://registry.npmmirror.com/follow-redirects set size:30122 disposed:false
159 http fetch GET 200 https://registry.npmmirror.com/loose-envify 225ms (cache miss)
160 silly packumentCache full:https://registry.npmmirror.com/loose-envify set size:2934 disposed:false
161 silly packumentCache full:https://registry.npmmirror.com/loose-envify dispose
162 http fetch GET 200 https://registry.npmmirror.com/@types%2fprop-types 231ms (cache miss)
163 silly packumentCache full:https://registry.npmmirror.com/@types%2fprop-types set size:10437 disposed:false
164 http fetch GET 200 https://registry.npmmirror.com/@types%2fbabel__core 230ms (cache miss)
165 silly packumentCache full:https://registry.npmmirror.com/@types%2fbabel__core set size:14948 disposed:false
166 http fetch GET 200 https://registry.npmmirror.com/@rolldown%2fpluginutils 262ms (cache miss)
167 silly packumentCache full:https://registry.npmmirror.com/@rolldown%2fpluginutils set size:49379 disposed:false
168 http fetch GET 200 https://registry.npmmirror.com/https-proxy-agent 265ms (cache miss)
169 silly packumentCache full:https://registry.npmmirror.com/https-proxy-agent set size:16374 disposed:false
170 http fetch GET 200 https://registry.npmmirror.com/@babel%2fplugin-transform-react-jsx-self 314ms (cache miss)
171 silly packumentCache full:https://registry.npmmirror.com/@babel%2fplugin-transform-react-jsx-self set size:34594 disposed:false
172 http fetch GET 200 https://registry.npmmirror.com/clsx 310ms (cache miss)
173 silly packumentCache full:https://registry.npmmirror.com/clsx set size:9149 disposed:false
174 http fetch GET 200 https://registry.npmmirror.com/eventemitter3 333ms (cache miss)
175 silly packumentCache full:https://registry.npmmirror.com/eventemitter3 set size:15941 disposed:false
176 http fetch GET 200 https://registry.npmmirror.com/lodash 333ms (cache miss)
177 silly packumentCache full:https://registry.npmmirror.com/lodash set size:29166 disposed:false
178 http fetch GET 200 https://registry.npmmirror.com/form-data 382ms (cache miss)
179 silly packumentCache full:https://registry.npmmirror.com/form-data set size:27205 disposed:false
180 http fetch GET 200 https://registry.npmmirror.com/tiny-invariant 388ms (cache miss)
181 silly packumentCache full:https://registry.npmmirror.com/tiny-invariant set size:14603 disposed:false
182 http fetch GET 200 https://registry.npmmirror.com/recharts-scale 390ms (cache miss)
183 silly packumentCache full:https://registry.npmmirror.com/recharts-scale set size:8772 disposed:false
184 http fetch GET 200 https://registry.npmmirror.com/@babel%2fplugin-transform-react-jsx-source 399ms (cache miss)
185 silly packumentCache full:https://registry.npmmirror.com/@babel%2fplugin-transform-react-jsx-source set size:34215 disposed:false
186 http fetch GET 200 https://registry.npmmirror.com/victory-vendor 417ms (cache miss)
187 silly packumentCache full:https://registry.npmmirror.com/victory-vendor set size:35422 disposed:false
188 http fetch GET 200 https://registry.npmmirror.com/react-smooth 448ms (cache miss)
189 silly packumentCache full:https://registry.npmmirror.com/react-smooth set size:28401 disposed:false
190 http fetch GET 200 https://registry.npmmirror.com/@babel%2fcore 588ms (cache miss)
191 silly packumentCache full:https://registry.npmmirror.com/@babel%2fcore set size:112087 disposed:false
192 http fetch GET 200 https://registry.npmmirror.com/esbuild 698ms (cache miss)
193 silly packumentCache full:https://registry.npmmirror.com/esbuild set size:216305 disposed:false
194 http fetch GET 200 https://registry.npmmirror.com/scheduler 757ms (cache miss)
195 silly packumentCache full:https://registry.npmmirror.com/scheduler set size:1166865 disposed:false
196 http fetch GET 200 https://registry.npmmirror.com/rollup 794ms (cache miss)
197 silly packumentCache full:https://registry.npmmirror.com/rollup set size:694656 disposed:false
198 http fetch GET 200 https://registry.npmmirror.com/react-refresh 1255ms (cache miss)
199 silly packumentCache full:https://registry.npmmirror.com/react-refresh set size:1184860 disposed:false
200 http fetch GET 200 https://registry.npmmirror.com/react-is 1519ms (cache miss)
201 silly packumentCache full:https://registry.npmmirror.com/react-is set size:1171806 disposed:false
202 silly placeDep ROOT @types/prop-types@15.7.15 OK for: @types/react@18.3.31 want: *
203 silly placeDep ROOT csstype@3.2.3 OK for: @types/react@18.3.31 want: ^3.2.2
204 silly placeDep ROOT @babel/core@7.29.7 OK for: @vitejs/plugin-react@4.7.0 want: ^7.28.0
205 silly placeDep ROOT @babel/plugin-transform-react-jsx-self@7.29.7 OK for: @vitejs/plugin-react@4.7.0 want: ^7.27.1
206 silly placeDep ROOT @babel/plugin-transform-react-jsx-source@7.29.7 OK for: @vitejs/plugin-react@4.7.0 want: ^7.27.1
207 silly placeDep ROOT @rolldown/pluginutils@1.0.0-beta.27 OK for: @vitejs/plugin-react@4.7.0 want: 1.0.0-beta.27
208 silly placeDep ROOT @types/babel__core@7.20.5 OK for: @vitejs/plugin-react@4.7.0 want: ^7.20.5
209 silly placeDep ROOT react-refresh@0.17.0 OK for: @vitejs/plugin-react@4.7.0 want: ^0.17.0
210 silly fetch manifest @babel/code-frame@^7.29.7
211 silly packumentCache full:https://registry.npmmirror.com/@babel%2fcode-frame cache-miss
212 silly fetch manifest @babel/generator@^7.29.7
213 silly packumentCache full:https://registry.npmmirror.com/@babel%2fgenerator cache-miss
214 silly fetch manifest @babel/helper-compilation-targets@^7.29.7
215 silly packumentCache full:https://registry.npmmirror.com/@babel%2fhelper-compilation-targets cache-miss
216 silly fetch manifest @babel/helper-module-transforms@^7.29.7
217 silly packumentCache full:https://registry.npmmirror.com/@babel%2fhelper-module-transforms cache-miss
218 silly fetch manifest @babel/helpers@^7.29.7
219 silly packumentCache full:https://registry.npmmirror.com/@babel%2fhelpers cache-miss
220 silly fetch manifest @babel/parser@^7.29.7
221 silly packumentCache full:https://registry.npmmirror.com/@babel%2fparser cache-miss
222 silly fetch manifest @babel/template@^7.29.7
223 silly packumentCache full:https://registry.npmmirror.com/@babel%2ftemplate cache-miss
224 silly fetch manifest @babel/traverse@^7.29.7
225 silly packumentCache full:https://registry.npmmirror.com/@babel%2ftraverse cache-miss
226 silly fetch manifest @babel/types@^7.29.7
227 silly packumentCache full:https://registry.npmmirror.com/@babel%2ftypes cache-miss
228 silly fetch manifest @jridgewell/remapping@^2.3.5
229 silly packumentCache full:https://registry.npmmirror.com/@jridgewell%2fremapping cache-miss
230 silly fetch manifest convert-source-map@^2.0.0
231 silly packumentCache full:https://registry.npmmirror.com/convert-source-map cache-miss
232 silly fetch manifest debug@^4.1.0
233 silly packumentCache full:https://registry.npmmirror.com/debug cache-miss
234 silly fetch manifest gensync@^1.0.0-beta.2
235 silly packumentCache full:https://registry.npmmirror.com/gensync cache-miss
236 silly fetch manifest json5@^2.2.3
237 silly packumentCache full:https://registry.npmmirror.com/json5 cache-miss
238 silly fetch manifest semver@^6.3.1
239 silly packumentCache full:https://registry.npmmirror.com/semver cache-miss
240 silly fetch manifest @babel/helper-plugin-utils@^7.29.7
241 silly packumentCache full:https://registry.npmmirror.com/@babel%2fhelper-plugin-utils cache-miss
242 silly fetch manifest @babel/helper-plugin-utils@^7.29.7
243 silly packumentCache full:https://registry.npmmirror.com/@babel%2fhelper-plugin-utils cache-miss
244 silly fetch manifest @babel/parser@^7.20.7
245 silly packumentCache full:https://registry.npmmirror.com/@babel%2fparser cache-miss
246 silly fetch manifest @babel/types@^7.20.7
247 silly packumentCache full:https://registry.npmmirror.com/@babel%2ftypes cache-miss
248 silly fetch manifest @types/babel__generator@*
249 silly packumentCache full:https://registry.npmmirror.com/@types%2fbabel__generator cache-miss
250 silly fetch manifest @types/babel__template@*
251 silly packumentCache full:https://registry.npmmirror.com/@types%2fbabel__template cache-miss
252 silly fetch manifest @types/babel__traverse@*
253 silly packumentCache full:https://registry.npmmirror.com/@types%2fbabel__traverse cache-miss
254 http fetch GET 200 https://registry.npmmirror.com/gensync 59ms (cache miss)
255 silly packumentCache full:https://registry.npmmirror.com/gensync set size:3930 disposed:false
256 http fetch GET 200 https://registry.npmmirror.com/json5 66ms (cache miss)
257 silly packumentCache full:https://registry.npmmirror.com/json5 set size:18850 disposed:false
258 http fetch GET 200 https://registry.npmmirror.com/convert-source-map 77ms (cache miss)
259 silly packumentCache full:https://registry.npmmirror.com/convert-source-map set size:13631 disposed:false
260 http fetch GET 200 https://registry.npmmirror.com/debug 81ms (cache miss)
261 silly packumentCache full:https://registry.npmmirror.com/debug set size:32036 disposed:false
262 http fetch GET 200 https://registry.npmmirror.com/semver 86ms (cache miss)
263 silly packumentCache full:https://registry.npmmirror.com/semver set size:47492 disposed:false
264 http fetch GET 200 https://registry.npmmirror.com/@jridgewell%2fremapping 91ms (cache miss)
265 silly packumentCache full:https://registry.npmmirror.com/@jridgewell%2fremapping set size:6023 disposed:false
266 http fetch GET 200 https://registry.npmmirror.com/@babel%2ftemplate 99ms (cache miss)
267 silly packumentCache full:https://registry.npmmirror.com/@babel%2ftemplate set size:40395 disposed:false
268 http fetch GET 200 https://registry.npmmirror.com/@babel%2fcode-frame 127ms (cache miss)
269 silly packumentCache full:https://registry.npmmirror.com/@babel%2fcode-frame set size:36012 disposed:false
270 http fetch GET 200 https://registry.npmmirror.com/@babel%2ftypes 136ms (cache miss)
271 silly packumentCache full:https://registry.npmmirror.com/@babel%2ftypes set size:83741 disposed:false
272 http fetch GET 200 https://registry.npmmirror.com/@babel%2fhelper-plugin-utils 142ms (cache miss)
273 silly packumentCache full:https://registry.npmmirror.com/@babel%2fhelper-plugin-utils set size:34978 disposed:false
274 http fetch GET 200 https://registry.npmmirror.com/@babel%2fhelper-plugin-utils 149ms (cache miss)
275 silly packumentCache full:https://registry.npmmirror.com/@babel%2fhelper-plugin-utils set size:34978 disposed:false
276 silly packumentCache full:https://registry.npmmirror.com/@babel%2fhelper-plugin-utils dispose
277 http fetch GET 200 https://registry.npmmirror.com/@babel%2fhelper-compilation-targets 184ms (cache miss)
278 silly packumentCache full:https://registry.npmmirror.com/@babel%2fhelper-compilation-targets set size:42418 disposed:false
279 http fetch GET 200 https://registry.npmmirror.com/@babel%2ftraverse 186ms (cache miss)
280 silly packumentCache full:https://registry.npmmirror.com/@babel%2ftraverse set size:97410 disposed:false
281 http fetch GET 200 https://registry.npmmirror.com/@babel%2ftypes 197ms (cache miss)
282 silly packumentCache full:https://registry.npmmirror.com/@babel%2ftypes set size:83741 disposed:false
283 silly packumentCache full:https://registry.npmmirror.com/@babel%2ftypes dispose
284 http fetch GET 200 https://registry.npmmirror.com/@babel%2fhelpers 206ms (cache miss)
285 silly packumentCache full:https://registry.npmmirror.com/@babel%2fhelpers set size:71300 disposed:false
286 http fetch GET 200 https://registry.npmmirror.com/@babel%2fhelper-module-transforms 209ms (cache miss)
287 silly packumentCache full:https://registry.npmmirror.com/@babel%2fhelper-module-transforms set size:59424 disposed:false
288 http fetch GET 200 https://registry.npmmirror.com/@babel%2fgenerator 215ms (cache miss)
289 silly packumentCache full:https://registry.npmmirror.com/@babel%2fgenerator set size:91701 disposed:false
290 http fetch GET 200 https://registry.npmmirror.com/@types%2fbabel__template 213ms (cache miss)
291 silly packumentCache full:https://registry.npmmirror.com/@types%2fbabel__template set size:4175 disposed:false
292 http fetch GET 200 https://registry.npmmirror.com/@types%2fbabel__traverse 214ms (cache miss)
293 silly packumentCache full:https://registry.npmmirror.com/@types%2fbabel__traverse set size:19838 disposed:false
294 http fetch GET 200 https://registry.npmmirror.com/@babel%2fparser 224ms (cache miss)
295 silly packumentCache full:https://registry.npmmirror.com/@babel%2fparser set size:110451 disposed:false
296 http fetch GET 200 https://registry.npmmirror.com/@types%2fbabel__generator 230ms (cache miss)
297 silly packumentCache full:https://registry.npmmirror.com/@types%2fbabel__generator set size:6271 disposed:false
298 http fetch GET 200 https://registry.npmmirror.com/@babel%2fparser 250ms (cache miss)
299 silly packumentCache full:https://registry.npmmirror.com/@babel%2fparser set size:110451 disposed:false
300 silly packumentCache full:https://registry.npmmirror.com/@babel%2fparser dispose
301 silly fetch manifest @babel/core@^7.0.0
302 silly packumentCache full:https://registry.npmmirror.com/@babel%2fcore cache-hit
303 silly placeDep ROOT @babel/code-frame@7.29.7 OK for: @babel/core@7.29.7 want: ^7.29.7
304 silly placeDep ROOT @babel/generator@7.29.8 OK for: @babel/core@7.29.7 want: ^7.29.7
305 silly placeDep ROOT @babel/helper-compilation-targets@7.29.7 OK for: @babel/core@7.29.7 want: ^7.29.7
306 silly placeDep ROOT @babel/helper-module-transforms@7.29.7 OK for: @babel/core@7.29.7 want: ^7.29.7
307 silly placeDep ROOT @babel/helpers@7.29.7 OK for: @babel/core@7.29.7 want: ^7.29.7
308 silly placeDep ROOT @babel/parser@7.29.8 OK for: @babel/core@7.29.7 want: ^7.29.7
309 silly placeDep ROOT @babel/template@7.29.7 OK for: @babel/core@7.29.7 want: ^7.29.7
310 silly placeDep ROOT @babel/traverse@7.29.8 OK for: @babel/core@7.29.7 want: ^7.29.7
311 silly placeDep ROOT @babel/types@7.29.8 OK for: @babel/core@7.29.7 want: ^7.29.7
312 silly placeDep ROOT @jridgewell/remapping@2.3.5 OK for: @babel/core@7.29.7 want: ^2.3.5
313 silly placeDep ROOT convert-source-map@2.0.0 OK for: @babel/core@7.29.7 want: ^2.0.0
314 silly placeDep ROOT debug@4.4.3 OK for: @babel/core@7.29.7 want: ^4.1.0
315 silly placeDep ROOT gensync@1.0.0-beta.2 OK for: @babel/core@7.29.7 want: ^1.0.0-beta.2
316 silly placeDep ROOT json5@2.2.3 OK for: @babel/core@7.29.7 want: ^2.2.3
317 silly placeDep ROOT semver@6.3.1 OK for: @babel/core@7.29.7 want: ^6.3.1
318 silly fetch manifest @babel/helper-validator-identifier@^7.29.7
319 silly packumentCache full:https://registry.npmmirror.com/@babel%2fhelper-validator-identifier cache-miss
320 silly fetch manifest js-tokens@^4.0.0
321 silly packumentCache full:https://registry.npmmirror.com/js-tokens cache-miss
322 silly fetch manifest picocolors@^1.1.1
323 silly packumentCache full:https://registry.npmmirror.com/picocolors cache-miss
324 silly fetch manifest jsesc@^3.0.2
325 silly packumentCache full:https://registry.npmmirror.com/jsesc cache-miss
326 silly fetch manifest @babel/types@^7.29.8
327 silly packumentCache full:https://registry.npmmirror.com/@babel%2ftypes cache-hit
328 silly fetch manifest @babel/parser@^7.29.8
329 silly packumentCache full:https://registry.npmmirror.com/@babel%2fparser cache-hit
330 silly fetch manifest @jridgewell/gen-mapping@^0.3.12
331 silly packumentCache full:https://registry.npmmirror.com/@jridgewell%2fgen-mapping cache-miss
332 silly fetch manifest @jridgewell/trace-mapping@^0.3.28
333 silly packumentCache full:https://registry.npmmirror.com/@jridgewell%2ftrace-mapping cache-miss
334 silly fetch manifest @babel/compat-data@^7.29.7
335 silly packumentCache full:https://registry.npmmirror.com/@babel%2fcompat-data cache-miss
336 silly fetch manifest @babel/helper-validator-option@^7.29.7
337 silly packumentCache full:https://registry.npmmirror.com/@babel%2fhelper-validator-option cache-miss
338 silly fetch manifest browserslist@^4.24.0
339 silly packumentCache full:https://registry.npmmirror.com/browserslist cache-miss
340 silly fetch manifest lru-cache@^5.1.1
341 silly packumentCache full:https://registry.npmmirror.com/lru-cache cache-miss
342 silly fetch manifest @babel/helper-module-imports@^7.29.7
343 silly packumentCache full:https://registry.npmmirror.com/@babel%2fhelper-module-imports cache-miss
344 silly fetch manifest @babel/helper-validator-identifier@^7.29.7
345 silly packumentCache full:https://registry.npmmirror.com/@babel%2fhelper-validator-identifier cache-miss
346 silly fetch manifest @babel/types@^7.29.8
347 silly packumentCache full:https://registry.npmmirror.com/@babel%2ftypes cache-hit
348 silly fetch manifest debug@^4.3.1
349 silly packumentCache full:https://registry.npmmirror.com/debug cache-hit
350 silly fetch manifest @babel/types@^7.29.8
351 silly packumentCache full:https://registry.npmmirror.com/@babel%2ftypes cache-hit
352 silly fetch manifest @babel/helper-globals@^7.29.7
353 silly packumentCache full:https://registry.npmmirror.com/@babel%2fhelper-globals cache-miss
354 silly fetch manifest @babel/helper-string-parser@^7.29.7
355 silly packumentCache full:https://registry.npmmirror.com/@babel%2fhelper-string-parser cache-miss
356 silly fetch manifest @babel/helper-validator-identifier@^7.29.7
357 silly packumentCache full:https://registry.npmmirror.com/@babel%2fhelper-validator-identifier cache-miss
358 silly fetch manifest @jridgewell/gen-mapping@^0.3.5
359 silly packumentCache full:https://registry.npmmirror.com/@jridgewell%2fgen-mapping cache-miss
360 silly fetch manifest @jridgewell/trace-mapping@^0.3.24
361 silly packumentCache full:https://registry.npmmirror.com/@jridgewell%2ftrace-mapping cache-miss
362 silly fetch manifest ms@^2.1.3
363 silly packumentCache full:https://registry.npmmirror.com/ms cache-miss
364 http fetch GET 200 https://registry.npmmirror.com/picocolors 41ms (cache miss)
365 silly packumentCache full:https://registry.npmmirror.com/picocolors set size:4040 disposed:false
366 http fetch GET 200 https://registry.npmmirror.com/js-tokens 42ms (cache miss)
367 silly packumentCache full:https://registry.npmmirror.com/js-tokens set size:9897 disposed:false
368 http fetch GET 200 https://registry.npmmirror.com/jsesc 80ms (cache miss)
369 silly packumentCache full:https://registry.npmmirror.com/jsesc set size:12774 disposed:false
370 http fetch GET 200 https://registry.npmmirror.com/@babel%2fhelper-validator-identifier 83ms (cache miss)
371 silly packumentCache full:https://registry.npmmirror.com/@babel%2fhelper-validator-identifier set size:25814 disposed:false
372 http fetch GET 200 https://registry.npmmirror.com/@babel%2fhelper-globals 92ms (cache miss)
373 silly packumentCache full:https://registry.npmmirror.com/@babel%2fhelper-globals set size:5076 disposed:false
374 http fetch GET 200 https://registry.npmmirror.com/@babel%2fhelper-validator-identifier 95ms (cache miss)
375 silly packumentCache full:https://registry.npmmirror.com/@babel%2fhelper-validator-identifier set size:25814 disposed:false
376 silly packumentCache full:https://registry.npmmirror.com/@babel%2fhelper-validator-identifier dispose
377 http fetch GET 200 https://registry.npmmirror.com/@babel%2fhelper-string-parser 103ms (cache miss)
378 silly packumentCache full:https://registry.npmmirror.com/@babel%2fhelper-string-parser set size:21224 disposed:false
379 http fetch GET 200 https://registry.npmmirror.com/@jridgewell%2ftrace-mapping 103ms (cache miss)
380 silly packumentCache full:https://registry.npmmirror.com/@jridgewell%2ftrace-mapping set size:40595 disposed:false
381 http fetch GET 200 https://registry.npmmirror.com/@babel%2fhelper-validator-identifier 114ms (cache miss)
382 silly packumentCache full:https://registry.npmmirror.com/@babel%2fhelper-validator-identifier set size:25814 disposed:true
383 silly packumentCache full:https://registry.npmmirror.com/@babel%2fhelper-validator-identifier dispose
384 http fetch GET 200 https://registry.npmmirror.com/@babel%2fhelper-validator-option 114ms (cache miss)
385 silly packumentCache full:https://registry.npmmirror.com/@babel%2fhelper-validator-option set size:22246 disposed:false
386 http fetch GET 200 https://registry.npmmirror.com/browserslist 123ms (cache miss)
387 silly packumentCache full:https://registry.npmmirror.com/browserslist set size:77478 disposed:false
388 http fetch GET 200 https://registry.npmmirror.com/@jridgewell%2ftrace-mapping 128ms (cache miss)
389 silly packumentCache full:https://registry.npmmirror.com/@jridgewell%2ftrace-mapping set size:40595 disposed:false
390 silly packumentCache full:https://registry.npmmirror.com/@jridgewell%2ftrace-mapping dispose
391 http fetch GET 200 https://registry.npmmirror.com/@babel%2fcompat-data 132ms (cache miss)
392 silly packumentCache full:https://registry.npmmirror.com/@babel%2fcompat-data set size:56966 disposed:false
393 http fetch GET 200 https://registry.npmmirror.com/@jridgewell%2fgen-mapping 130ms (cache miss)
394 silly packumentCache full:https://registry.npmmirror.com/@jridgewell%2fgen-mapping set size:18327 disposed:false
395 http fetch GET 200 https://registry.npmmirror.com/@babel%2fhelper-module-imports 135ms (cache miss)
396 silly packumentCache full:https://registry.npmmirror.com/@babel%2fhelper-module-imports set size:34872 disposed:false
397 http fetch GET 200 https://registry.npmmirror.com/ms 134ms (cache miss)
398 silly packumentCache full:https://registry.npmmirror.com/ms set size:15985 disposed:false
399 http fetch GET 200 https://registry.npmmirror.com/@jridgewell%2fgen-mapping 142ms (cache miss)
400 silly packumentCache full:https://registry.npmmirror.com/@jridgewell%2fgen-mapping set size:18327 disposed:false
401 silly packumentCache full:https://registry.npmmirror.com/@jridgewell%2fgen-mapping dispose
402 http fetch GET 200 https://registry.npmmirror.com/lru-cache 161ms (cache miss)
403 silly packumentCache full:https://registry.npmmirror.com/lru-cache set size:107595 disposed:false
404 silly placeDep ROOT @babel/helper-validator-identifier@7.29.7 OK for: @babel/code-frame@7.29.7 want: ^7.29.7
405 silly placeDep ROOT js-tokens@4.0.0 OK for: @babel/code-frame@7.29.7 want: ^4.0.0
406 silly placeDep ROOT picocolors@1.1.1 OK for: @babel/code-frame@7.29.7 want: ^1.1.1
407 silly placeDep ROOT @jridgewell/gen-mapping@0.3.13 OK for: @babel/generator@7.29.8 want: ^0.3.12
408 silly placeDep ROOT @jridgewell/trace-mapping@0.3.31 OK for: @babel/generator@7.29.8 want: ^0.3.28
409 silly placeDep ROOT jsesc@3.1.0 OK for: @babel/generator@7.29.8 want: ^3.0.2
410 silly fetch manifest @jridgewell/sourcemap-codec@^1.5.0
411 silly packumentCache full:https://registry.npmmirror.com/@jridgewell%2fsourcemap-codec cache-miss
412 silly fetch manifest @jridgewell/resolve-uri@^3.1.0
413 silly packumentCache full:https://registry.npmmirror.com/@jridgewell%2fresolve-uri cache-miss
414 silly fetch manifest @jridgewell/sourcemap-codec@^1.4.14
415 silly packumentCache full:https://registry.npmmirror.com/@jridgewell%2fsourcemap-codec cache-miss
416 http fetch GET 200 https://registry.npmmirror.com/@jridgewell%2fresolve-uri 49ms (cache miss)
417 silly packumentCache full:https://registry.npmmirror.com/@jridgewell%2fresolve-uri set size:14497 disposed:false
418 http fetch GET 200 https://registry.npmmirror.com/@jridgewell%2fsourcemap-codec 49ms (cache miss)
419 silly packumentCache full:https://registry.npmmirror.com/@jridgewell%2fsourcemap-codec set size:15018 disposed:false
420 http fetch GET 200 https://registry.npmmirror.com/@jridgewell%2fsourcemap-codec 49ms (cache miss)
421 silly packumentCache full:https://registry.npmmirror.com/@jridgewell%2fsourcemap-codec set size:15018 disposed:false
422 silly packumentCache full:https://registry.npmmirror.com/@jridgewell%2fsourcemap-codec dispose
423 silly placeDep ROOT @babel/compat-data@7.29.7 OK for: @babel/helper-compilation-targets@7.29.7 want: ^7.29.7
424 silly placeDep ROOT @babel/helper-validator-option@7.29.7 OK for: @babel/helper-compilation-targets@7.29.7 want: ^7.29.7
425 silly placeDep ROOT browserslist@4.28.8 OK for: @babel/helper-compilation-targets@7.29.7 want: ^4.24.0
426 silly placeDep ROOT lru-cache@5.1.1 OK for: @babel/helper-compilation-targets@7.29.7 want: ^5.1.1
427 silly fetch manifest caniuse-lite@^1.0.30001809
428 silly packumentCache full:https://registry.npmmirror.com/caniuse-lite cache-miss
429 silly fetch manifest node-releases@^2.0.53
430 silly packumentCache full:https://registry.npmmirror.com/node-releases cache-miss
431 silly fetch manifest electron-to-chromium@^1.5.402
432 silly packumentCache full:https://registry.npmmirror.com/electron-to-chromium cache-miss
433 silly fetch manifest update-browserslist-db@^1.3.0
434 silly packumentCache full:https://registry.npmmirror.com/update-browserslist-db cache-miss
435 silly fetch manifest baseline-browser-mapping@^2.11.12
436 silly packumentCache full:https://registry.npmmirror.com/baseline-browser-mapping cache-miss
437 silly fetch manifest yallist@^3.0.2
438 silly packumentCache full:https://registry.npmmirror.com/yallist cache-miss
439 http fetch GET 200 https://registry.npmmirror.com/yallist 59ms (cache miss)
440 silly packumentCache full:https://registry.npmmirror.com/yallist set size:7662 disposed:false
441 http fetch GET 200 https://registry.npmmirror.com/update-browserslist-db 69ms (cache miss)
442 silly packumentCache full:https://registry.npmmirror.com/update-browserslist-db set size:18935 disposed:false
443 http fetch GET 200 https://registry.npmmirror.com/node-releases 69ms (cache miss)
444 silly packumentCache full:https://registry.npmmirror.com/node-releases set size:43353 disposed:false
445 http fetch GET 200 https://registry.npmmirror.com/baseline-browser-mapping 115ms (cache miss)
446 silly packumentCache full:https://registry.npmmirror.com/baseline-browser-mapping set size:81649 disposed:false
447 http fetch GET 200 https://registry.npmmirror.com/caniuse-lite 223ms (cache miss)
448 silly packumentCache full:https://registry.npmmirror.com/caniuse-lite set size:369313 disposed:false
449 http fetch GET 200 https://registry.npmmirror.com/electron-to-chromium 488ms (cache miss)
450 silly packumentCache full:https://registry.npmmirror.com/electron-to-chromium set size:830169 disposed:false
451 silly placeDep ROOT @babel/helper-module-imports@7.29.7 OK for: @babel/helper-module-transforms@7.29.7 want: ^7.29.7
452 silly placeDep ROOT @babel/helper-plugin-utils@7.29.7 OK for: @babel/plugin-transform-react-jsx-self@7.29.7 want: ^7.29.7
453 silly placeDep ROOT @babel/helper-globals@7.29.7 OK for: @babel/traverse@7.29.8 want: ^7.29.7
454 silly placeDep ROOT @babel/helper-string-parser@7.29.7 OK for: @babel/types@7.29.8 want: ^7.29.7
455 silly placeDep ROOT @jridgewell/sourcemap-codec@1.5.5 OK for: @jridgewell/gen-mapping@0.3.13 want: ^1.5.0
456 silly placeDep ROOT @jridgewell/resolve-uri@3.1.2 OK for: @jridgewell/trace-mapping@0.3.31 want: ^3.1.0
457 silly placeDep ROOT @types/babel__generator@7.27.0 OK for: @types/babel__core@7.20.5 want: *
458 silly placeDep ROOT @types/babel__template@7.4.4 OK for: @types/babel__core@7.20.5 want: *
459 silly placeDep ROOT @types/babel__traverse@7.28.0 OK for: @types/babel__core@7.20.5 want: *
460 silly placeDep ROOT follow-redirects@1.16.0 OK for: axios@1.19.0 want: ^1.16.0
461 silly placeDep ROOT form-data@4.0.6 OK for: axios@1.19.0 want: ^4.0.6
462 silly placeDep ROOT https-proxy-agent@5.0.1 OK for: axios@1.19.0 want: ^5.0.1
463 silly placeDep ROOT proxy-from-env@2.1.0 OK for: axios@1.19.0 want: ^2.1.0
464 silly fetch manifest hasown@^2.0.4
465 silly packumentCache full:https://registry.npmmirror.com/hasown cache-miss
466 silly fetch manifest asynckit@^0.4.0
467 silly packumentCache full:https://registry.npmmirror.com/asynckit cache-miss
468 silly fetch manifest mime-types@^2.1.35
469 silly packumentCache full:https://registry.npmmirror.com/mime-types cache-miss
470 silly fetch manifest combined-stream@^1.0.8
471 silly packumentCache full:https://registry.npmmirror.com/combined-stream cache-miss
472 silly fetch manifest es-set-tostringtag@^2.1.0
473 silly packumentCache full:https://registry.npmmirror.com/es-set-tostringtag cache-miss
474 silly fetch manifest agent-base@6
475 silly packumentCache full:https://registry.npmmirror.com/agent-base cache-miss
476 http fetch GET 200 https://registry.npmmirror.com/es-set-tostringtag 26ms (cache miss)
477 silly packumentCache full:https://registry.npmmirror.com/es-set-tostringtag set size:6558 disposed:false
478 http fetch GET 200 https://registry.npmmirror.com/combined-stream 37ms (cache miss)
479 silly packumentCache full:https://registry.npmmirror.com/combined-stream set size:7154 disposed:false
480 http fetch GET 200 https://registry.npmmirror.com/asynckit 38ms (cache miss)
481 silly packumentCache full:https://registry.npmmirror.com/asynckit set size:4942 disposed:false
482 http fetch GET 200 https://registry.npmmirror.com/hasown 40ms (cache miss)
483 silly packumentCache full:https://registry.npmmirror.com/hasown set size:4802 disposed:false
484 http fetch GET 200 https://registry.npmmirror.com/agent-base 50ms (cache miss)
485 silly packumentCache full:https://registry.npmmirror.com/agent-base set size:13928 disposed:false
486 http fetch GET 200 https://registry.npmmirror.com/mime-types 55ms (cache miss)
487 silly packumentCache full:https://registry.npmmirror.com/mime-types set size:21367 disposed:false
488 silly fetch manifest browserslist@>= 4.21.0
489 silly packumentCache full:https://registry.npmmirror.com/browserslist cache-hit
490 silly placeDep ROOT baseline-browser-mapping@2.11.13 OK for: browserslist@4.28.8 want: ^2.11.12
491 silly placeDep ROOT caniuse-lite@1.0.30001809 OK for: browserslist@4.28.8 want: ^1.0.30001809
492 silly placeDep ROOT electron-to-chromium@1.5.405 OK for: browserslist@4.28.8 want: ^1.5.402
493 silly placeDep ROOT node-releases@2.0.53 OK for: browserslist@4.28.8 want: ^2.0.53
494 silly placeDep ROOT update-browserslist-db@1.3.1 OK for: browserslist@4.28.8 want: ^1.3.0
495 silly fetch manifest escalade@^3.2.0
496 silly packumentCache full:https://registry.npmmirror.com/escalade cache-miss
497 http fetch GET 200 https://registry.npmmirror.com/escalade 102ms (cache miss)
498 silly packumentCache full:https://registry.npmmirror.com/escalade set size:6820 disposed:false
499 silly placeDep ROOT ms@2.1.3 OK for: debug@4.4.3 want: ^2.1.3
500 silly placeDep ROOT asynckit@0.4.0 OK for: form-data@4.0.6 want: ^0.4.0
501 silly placeDep ROOT combined-stream@1.0.8 OK for: form-data@4.0.6 want: ^1.0.8
502 silly placeDep ROOT es-set-tostringtag@2.1.0 OK for: form-data@4.0.6 want: ^2.1.0
503 silly placeDep ROOT hasown@2.0.4 OK for: form-data@4.0.6 want: ^2.0.4
504 silly placeDep ROOT mime-types@2.1.35 OK for: form-data@4.0.6 want: ^2.1.35
505 silly fetch manifest delayed-stream@~1.0.0
506 silly packumentCache full:https://registry.npmmirror.com/delayed-stream cache-miss
507 silly fetch manifest es-errors@^1.3.0
508 silly packumentCache full:https://registry.npmmirror.com/es-errors cache-miss
509 silly fetch manifest get-intrinsic@^1.2.6
510 silly packumentCache full:https://registry.npmmirror.com/get-intrinsic cache-miss
511 silly fetch manifest has-tostringtag@^1.0.2
512 silly packumentCache full:https://registry.npmmirror.com/has-tostringtag cache-miss
513 silly fetch manifest hasown@^2.0.2
514 silly packumentCache full:https://registry.npmmirror.com/hasown cache-hit
515 silly fetch manifest function-bind@^1.1.2
516 silly packumentCache full:https://registry.npmmirror.com/function-bind cache-miss
517 silly fetch manifest mime-db@1.52.0
518 silly packumentCache full:https://registry.npmmirror.com/mime-db cache-miss
519 http fetch GET 200 https://registry.npmmirror.com/get-intrinsic 32ms (cache miss)
520 silly packumentCache full:https://registry.npmmirror.com/get-intrinsic set size:11575 disposed:false
521 http fetch GET 200 https://registry.npmmirror.com/has-tostringtag 33ms (cache miss)
522 silly packumentCache full:https://registry.npmmirror.com/has-tostringtag set size:3448 disposed:false
523 http fetch GET 200 https://registry.npmmirror.com/es-errors 35ms (cache miss)
524 silly packumentCache full:https://registry.npmmirror.com/es-errors set size:4030 disposed:false
525 http fetch GET 200 https://registry.npmmirror.com/delayed-stream 36ms (cache miss)
526 silly packumentCache full:https://registry.npmmirror.com/delayed-stream set size:4333 disposed:false
527 http fetch GET 200 https://registry.npmmirror.com/mime-db 36ms (cache miss)
528 silly packumentCache full:https://registry.npmmirror.com/mime-db set size:24206 disposed:false
529 http fetch GET 200 https://registry.npmmirror.com/function-bind 40ms (cache miss)
530 silly packumentCache full:https://registry.npmmirror.com/function-bind set size:4376 disposed:false
531 silly placeDep ROOT delayed-stream@1.0.0 OK for: combined-stream@1.0.8 want: ~1.0.0
532 silly placeDep ROOT es-errors@1.3.0 OK for: es-set-tostringtag@2.1.0 want: ^1.3.0
533 silly placeDep ROOT get-intrinsic@1.3.0 OK for: es-set-tostringtag@2.1.0 want: ^1.2.6
534 silly placeDep ROOT has-tostringtag@1.0.2 OK for: es-set-tostringtag@2.1.0 want: ^1.0.2
535 silly fetch manifest call-bind-apply-helpers@^1.0.2
536 silly packumentCache full:https://registry.npmmirror.com/call-bind-apply-helpers cache-miss
537 silly fetch manifest es-define-property@^1.0.1
538 silly packumentCache full:https://registry.npmmirror.com/es-define-property cache-miss
539 silly fetch manifest es-object-atoms@^1.1.1
540 silly packumentCache full:https://registry.npmmirror.com/es-object-atoms cache-miss
541 silly fetch manifest get-proto@^1.0.1
542 silly packumentCache full:https://registry.npmmirror.com/get-proto cache-miss
543 silly fetch manifest gopd@^1.2.0
544 silly packumentCache full:https://registry.npmmirror.com/gopd cache-miss
545 silly fetch manifest has-symbols@^1.1.0
546 silly packumentCache full:https://registry.npmmirror.com/has-symbols cache-miss
547 silly fetch manifest math-intrinsics@^1.1.0
548 silly packumentCache full:https://registry.npmmirror.com/math-intrinsics cache-miss
549 silly fetch manifest has-symbols@^1.0.3
550 silly packumentCache full:https://registry.npmmirror.com/has-symbols cache-miss
551 http fetch GET 200 https://registry.npmmirror.com/call-bind-apply-helpers 60ms (cache miss)
552 silly packumentCache full:https://registry.npmmirror.com/call-bind-apply-helpers set size:3532 disposed:false
553 http fetch GET 200 https://registry.npmmirror.com/math-intrinsics 58ms (cache miss)
554 silly packumentCache full:https://registry.npmmirror.com/math-intrinsics set size:3012 disposed:false
555 http fetch GET 200 https://registry.npmmirror.com/get-proto 60ms (cache miss)
556 silly packumentCache full:https://registry.npmmirror.com/get-proto set size:2799 disposed:false
557 http fetch GET 200 https://registry.npmmirror.com/es-define-property 63ms (cache miss)
558 silly packumentCache full:https://registry.npmmirror.com/es-define-property set size:2896 disposed:false
559 http fetch GET 200 https://registry.npmmirror.com/gopd 64ms (cache miss)
560 silly packumentCache full:https://registry.npmmirror.com/gopd set size:3962 disposed:false
561 http fetch GET 200 https://registry.npmmirror.com/es-object-atoms 67ms (cache miss)
562 silly packumentCache full:https://registry.npmmirror.com/es-object-atoms set size:4324 disposed:false
563 http fetch GET 200 https://registry.npmmirror.com/has-symbols 66ms (cache miss)
564 silly packumentCache full:https://registry.npmmirror.com/has-symbols set size:5325 disposed:false
565 http fetch GET 200 https://registry.npmmirror.com/has-symbols 94ms (cache miss)
566 silly packumentCache full:https://registry.npmmirror.com/has-symbols set size:5325 disposed:false
567 silly packumentCache full:https://registry.npmmirror.com/has-symbols dispose
568 silly placeDep ROOT call-bind-apply-helpers@1.0.2 OK for: get-intrinsic@1.3.0 want: ^1.0.2
569 silly placeDep ROOT es-define-property@1.0.1 OK for: get-intrinsic@1.3.0 want: ^1.0.1
570 silly placeDep ROOT es-object-atoms@1.1.2 OK for: get-intrinsic@1.3.0 want: ^1.1.1
571 silly placeDep ROOT function-bind@1.1.2 OK for: get-intrinsic@1.3.0 want: ^1.1.2
572 silly placeDep ROOT get-proto@1.0.1 OK for: get-intrinsic@1.3.0 want: ^1.0.1
573 silly placeDep ROOT gopd@1.2.0 OK for: get-intrinsic@1.3.0 want: ^1.2.0
574 silly placeDep ROOT has-symbols@1.1.0 OK for: get-intrinsic@1.3.0 want: ^1.1.0
575 silly placeDep ROOT math-intrinsics@1.1.0 OK for: get-intrinsic@1.3.0 want: ^1.1.0
576 silly fetch manifest dunder-proto@^1.0.1
577 silly packumentCache full:https://registry.npmmirror.com/dunder-proto cache-miss
578 http fetch GET 200 https://registry.npmmirror.com/dunder-proto 27ms (cache miss)
579 silly packumentCache full:https://registry.npmmirror.com/dunder-proto set size:2798 disposed:false
580 silly placeDep ROOT dunder-proto@1.0.1 OK for: get-proto@1.0.1 want: ^1.0.1
581 silly placeDep ROOT agent-base@6.0.2 OK for: https-proxy-agent@5.0.1 want: 6
582 silly placeDep ROOT yallist@3.1.1 OK for: lru-cache@5.1.1 want: ^3.0.2
583 silly placeDep ROOT mime-db@1.52.0 OK for: mime-types@2.1.35 want: 1.52.0
584 silly placeDep ROOT loose-envify@1.4.0 OK for: react@18.3.1 want: ^1.1.0
585 silly placeDep ROOT scheduler@0.23.2 OK for: react-dom@18.3.1 want: ^0.23.2
586 silly fetch manifest react@^16.0.0 || ^17.0.0 || ^18.0.0 || ^19.0.0
587 silly packumentCache full:https://registry.npmmirror.com/react cache-miss
588 http fetch GET 200 https://registry.npmmirror.com/react 15ms (cache hit)
589 silly packumentCache full:https://registry.npmmirror.com/react set size:6638620 disposed:false
590 silly fetch manifest react-dom@^16.0.0 || ^17.0.0 || ^18.0.0 || ^19.0.0
591 silly packumentCache full:https://registry.npmmirror.com/react-dom cache-miss
592 http fetch GET 200 https://registry.npmmirror.com/react-dom 17ms (cache hit)
593 silly packumentCache full:https://registry.npmmirror.com/react-dom set size:8978301 disposed:false
594 silly placeDep ROOT clsx@2.1.1 OK for: recharts@2.15.4 want: ^2.0.0
595 silly placeDep ROOT eventemitter3@4.0.7 OK for: recharts@2.15.4 want: ^4.0.1
596 silly placeDep ROOT lodash@4.18.1 OK for: recharts@2.15.4 want: ^4.17.21
597 silly placeDep ROOT react-is@18.3.1 OK for: recharts@2.15.4 want: ^18.3.1
598 silly placeDep ROOT react-smooth@4.0.4 OK for: recharts@2.15.4 want: ^4.0.4
599 silly placeDep ROOT recharts-scale@0.4.5 OK for: recharts@2.15.4 want: ^0.4.4
600 silly placeDep ROOT tiny-invariant@1.3.3 OK for: recharts@2.15.4 want: ^1.3.1
601 silly placeDep ROOT victory-vendor@36.9.2 OK for: recharts@2.15.4 want: ^36.6.8
602 silly fetch manifest fast-equals@^5.0.1
603 silly packumentCache full:https://registry.npmmirror.com/fast-equals cache-miss
604 silly fetch manifest prop-types@^15.8.1
605 silly packumentCache full:https://registry.npmmirror.com/prop-types cache-miss
606 silly fetch manifest react-transition-group@^4.4.5
607 silly packumentCache full:https://registry.npmmirror.com/react-transition-group cache-miss
608 silly fetch manifest decimal.js-light@^2.4.1
609 silly packumentCache full:https://registry.npmmirror.com/decimal.js-light cache-miss
610 silly fetch manifest @types/d3-array@^3.0.3
611 silly packumentCache full:https://registry.npmmirror.com/@types%2fd3-array cache-miss
612 silly fetch manifest @types/d3-ease@^3.0.0
613 silly packumentCache full:https://registry.npmmirror.com/@types%2fd3-ease cache-miss
614 silly fetch manifest @types/d3-interpolate@^3.0.1
615 silly packumentCache full:https://registry.npmmirror.com/@types%2fd3-interpolate cache-miss
616 silly fetch manifest @types/d3-scale@^4.0.2
617 silly packumentCache full:https://registry.npmmirror.com/@types%2fd3-scale cache-miss
618 silly fetch manifest @types/d3-shape@^3.1.0
619 silly packumentCache full:https://registry.npmmirror.com/@types%2fd3-shape cache-miss
620 silly fetch manifest @types/d3-time@^3.0.0
621 silly packumentCache full:https://registry.npmmirror.com/@types%2fd3-time cache-miss
622 silly fetch manifest @types/d3-timer@^3.0.0
623 silly packumentCache full:https://registry.npmmirror.com/@types%2fd3-timer cache-miss
624 silly fetch manifest d3-array@^3.1.6
625 silly packumentCache full:https://registry.npmmirror.com/d3-array cache-miss
626 silly fetch manifest d3-ease@^3.0.1
627 silly packumentCache full:https://registry.npmmirror.com/d3-ease cache-miss
628 silly fetch manifest d3-interpolate@^3.0.1
629 silly packumentCache full:https://registry.npmmirror.com/d3-interpolate cache-miss
630 silly fetch manifest d3-scale@^4.0.2
631 silly packumentCache full:https://registry.npmmirror.com/d3-scale cache-miss
632 silly fetch manifest d3-shape@^3.1.0
633 silly packumentCache full:https://registry.npmmirror.com/d3-shape cache-miss
634 silly fetch manifest d3-time@^3.0.0
635 silly packumentCache full:https://registry.npmmirror.com/d3-time cache-miss
636 silly fetch manifest d3-timer@^3.0.1
637 silly packumentCache full:https://registry.npmmirror.com/d3-timer cache-miss
638 http fetch GET 200 https://registry.npmmirror.com/fast-equals 60ms (cache miss)
639 silly packumentCache full:https://registry.npmmirror.com/fast-equals set size:59156 disposed:false
640 http fetch GET 200 https://registry.npmmirror.com/d3-interpolate 73ms (cache miss)
641 silly packumentCache full:https://registry.npmmirror.com/d3-interpolate set size:21576 disposed:false
642 http fetch GET 200 https://registry.npmmirror.com/@types%2fd3-ease 78ms (cache miss)
643 silly packumentCache full:https://registry.npmmirror.com/@types%2fd3-ease set size:12313 disposed:false
644 http fetch GET 200 https://registry.npmmirror.com/@types%2fd3-interpolate 79ms (cache miss)
645 silly packumentCache full:https://registry.npmmirror.com/@types%2fd3-interpolate set size:9448 disposed:false
646 http fetch GET 200 https://registry.npmmirror.com/decimal.js-light 82ms (cache miss)
647 silly packumentCache full:https://registry.npmmirror.com/decimal.js-light set size:7010 disposed:false
648 http fetch GET 200 https://registry.npmmirror.com/prop-types 83ms (cache miss)
649 silly packumentCache full:https://registry.npmmirror.com/prop-types set size:16068 disposed:false
650 http fetch GET 200 https://registry.npmmirror.com/@types%2fd3-timer 80ms (cache miss)
651 silly packumentCache full:https://registry.npmmirror.com/@types%2fd3-timer set size:7073 disposed:false
652 http fetch GET 200 https://registry.npmmirror.com/@types%2fd3-time 80ms (cache miss)
653 silly packumentCache full:https://registry.npmmirror.com/@types%2fd3-time set size:9613 disposed:false
654 http fetch GET 200 https://registry.npmmirror.com/react-transition-group 85ms (cache miss)
655 silly packumentCache full:https://registry.npmmirror.com/react-transition-group set size:15099 disposed:false
656 http fetch GET 200 https://registry.npmmirror.com/@types%2fd3-scale 91ms (cache miss)
657 silly packumentCache full:https://registry.npmmirror.com/@types%2fd3-scale set size:21035 disposed:false
658 http fetch GET 200 https://registry.npmmirror.com/@types%2fd3-array 94ms (cache miss)
659 silly packumentCache full:https://registry.npmmirror.com/@types%2fd3-array set size:21232 disposed:false
660 http fetch GET 200 https://registry.npmmirror.com/@types%2fd3-shape 114ms (cache miss)
661 silly packumentCache full:https://registry.npmmirror.com/@types%2fd3-shape set size:19530 disposed:false
662 http fetch GET 200 https://registry.npmmirror.com/d3-scale 113ms (cache miss)
663 silly packumentCache full:https://registry.npmmirror.com/d3-scale set size:37585 disposed:false
664 http fetch GET 200 https://registry.npmmirror.com/d3-array 117ms (cache miss)
665 silly packumentCache full:https://registry.npmmirror.com/d3-array set size:43582 disposed:false
666 http fetch GET 200 https://registry.npmmirror.com/d3-time 120ms (cache miss)
667 silly packumentCache full:https://registry.npmmirror.com/d3-time set size:23023 disposed:false
668 http fetch GET 200 https://registry.npmmirror.com/d3-timer 121ms (cache miss)
669 silly packumentCache full:https://registry.npmmirror.com/d3-timer set size:15469 disposed:false
670 http fetch GET 200 https://registry.npmmirror.com/d3-ease 123ms (cache miss)
671 silly packumentCache full:https://registry.npmmirror.com/d3-ease set size:15703 disposed:false
672 http fetch GET 200 https://registry.npmmirror.com/d3-shape 124ms (cache miss)
673 silly packumentCache full:https://registry.npmmirror.com/d3-shape set size:32462 disposed:false
674 silly fetch manifest react@^16.8.0 || ^17.0.0 || ^18.0.0 || ^19.0.0
675 silly packumentCache full:https://registry.npmmirror.com/react cache-miss
676 http fetch GET 200 https://registry.npmmirror.com/react 13ms (cache hit)
677 silly packumentCache full:https://registry.npmmirror.com/react set size:6638620 disposed:false
678 silly fetch manifest react-dom@^16.8.0 || ^17.0.0 || ^18.0.0 || ^19.0.0
679 silly packumentCache full:https://registry.npmmirror.com/react-dom cache-miss
680 http fetch GET 200 https://registry.npmmirror.com/react-dom 18ms (cache hit)
681 silly packumentCache full:https://registry.npmmirror.com/react-dom set size:8978301 disposed:false
682 silly placeDep ROOT fast-equals@5.4.1 OK for: react-smooth@4.0.4 want: ^5.0.1
683 silly placeDep ROOT prop-types@15.8.1 OK for: react-smooth@4.0.4 want: ^15.8.1
684 silly placeDep ROOT react-transition-group@4.4.5 OK for: react-smooth@4.0.4 want: ^4.4.5
685 silly fetch manifest object-assign@^4.1.1
686 silly packumentCache full:https://registry.npmmirror.com/object-assign cache-miss
687 silly fetch manifest react-is@^16.13.1
688 silly packumentCache full:https://registry.npmmirror.com/react-is cache-miss
689 silly fetch manifest @babel/runtime@^7.5.5
690 silly packumentCache full:https://registry.npmmirror.com/@babel%2fruntime cache-miss
691 silly fetch manifest dom-helpers@^5.0.1
692 silly packumentCache full:https://registry.npmmirror.com/dom-helpers cache-miss
693 http fetch GET 200 https://registry.npmmirror.com/react-is 14ms (cache hit)
694 silly packumentCache full:https://registry.npmmirror.com/react-is set size:5331698 disposed:false
695 http fetch GET 200 https://registry.npmmirror.com/object-assign 52ms (cache miss)
696 silly packumentCache full:https://registry.npmmirror.com/object-assign set size:5509 disposed:false
697 http fetch GET 200 https://registry.npmmirror.com/dom-helpers 60ms (cache miss)
698 silly packumentCache full:https://registry.npmmirror.com/dom-helpers set size:13425 disposed:false
699 http fetch GET 200 https://registry.npmmirror.com/@babel%2fruntime 131ms (cache miss)
700 silly packumentCache full:https://registry.npmmirror.com/@babel%2fruntime set size:387117 disposed:false
701 silly placeDep ROOT object-assign@4.1.1 OK for: prop-types@15.8.1 want: ^4.1.1
702 silly placeDep node_modules/prop-types react-is@16.13.1 OK for: prop-types@15.8.1 want: ^16.13.1
703 silly placeDep ROOT @babel/runtime@7.29.7 OK for: react-transition-group@4.4.5 want: ^7.5.5
704 silly placeDep ROOT dom-helpers@5.2.1 OK for: react-transition-group@4.4.5 want: ^5.0.1
705 silly placeDep ROOT decimal.js-light@2.5.1 OK for: recharts-scale@0.4.5 want: ^2.4.1
706 silly placeDep ROOT escalade@3.2.0 OK for: update-browserslist-db@1.3.1 want: ^3.2.0
707 silly placeDep ROOT @types/d3-array@3.2.2 OK for: victory-vendor@36.9.2 want: ^3.0.3
708 silly placeDep ROOT @types/d3-ease@3.0.2 OK for: victory-vendor@36.9.2 want: ^3.0.0
709 silly placeDep ROOT @types/d3-interpolate@3.0.4 OK for: victory-vendor@36.9.2 want: ^3.0.1
710 silly placeDep ROOT @types/d3-scale@4.0.9 OK for: victory-vendor@36.9.2 want: ^4.0.2
711 silly placeDep ROOT @types/d3-shape@3.1.8 OK for: victory-vendor@36.9.2 want: ^3.1.0
712 silly placeDep ROOT @types/d3-time@3.0.4 OK for: victory-vendor@36.9.2 want: ^3.0.0
713 silly placeDep ROOT @types/d3-timer@3.0.2 OK for: victory-vendor@36.9.2 want: ^3.0.0
714 silly placeDep ROOT d3-array@3.2.4 OK for: victory-vendor@36.9.2 want: ^3.1.6
715 silly placeDep ROOT d3-ease@3.0.1 OK for: victory-vendor@36.9.2 want: ^3.0.1
716 silly placeDep ROOT d3-interpolate@3.0.1 OK for: victory-vendor@36.9.2 want: ^3.0.1
717 silly placeDep ROOT d3-scale@4.0.2 OK for: victory-vendor@36.9.2 want: ^4.0.2
718 silly placeDep ROOT d3-shape@3.2.0 OK for: victory-vendor@36.9.2 want: ^3.1.0
719 silly placeDep ROOT d3-time@3.1.0 OK for: victory-vendor@36.9.2 want: ^3.0.0
720 silly placeDep ROOT d3-timer@3.0.1 OK for: victory-vendor@36.9.2 want: ^3.0.1
721 silly fetch manifest @types/d3-color@*
722 silly packumentCache full:https://registry.npmmirror.com/@types%2fd3-color cache-miss
723 silly fetch manifest @types/d3-time@*
724 silly packumentCache full:https://registry.npmmirror.com/@types%2fd3-time cache-hit
725 silly fetch manifest @types/d3-path@*
726 silly packumentCache full:https://registry.npmmirror.com/@types%2fd3-path cache-miss
727 silly fetch manifest internmap@1 - 2
728 silly packumentCache full:https://registry.npmmirror.com/internmap cache-miss
729 silly fetch manifest d3-color@1 - 3
730 silly packumentCache full:https://registry.npmmirror.com/d3-color cache-miss
731 silly fetch manifest d3-format@1 - 3
732 silly packumentCache full:https://registry.npmmirror.com/d3-format cache-miss
733 silly fetch manifest d3-time@2.1.1 - 3
734 silly packumentCache full:https://registry.npmmirror.com/d3-time cache-hit
735 silly fetch manifest d3-time-format@2 - 4
736 silly packumentCache full:https://registry.npmmirror.com/d3-time-format cache-miss
737 silly fetch manifest d3-path@^3.1.0
738 silly packumentCache full:https://registry.npmmirror.com/d3-path cache-miss
739 http fetch GET 200 https://registry.npmmirror.com/@types%2fd3-color 58ms (cache miss)
740 silly packumentCache full:https://registry.npmmirror.com/@types%2fd3-color set size:11480 disposed:false
741 http fetch GET 200 https://registry.npmmirror.com/@types%2fd3-path 59ms (cache miss)
742 silly packumentCache full:https://registry.npmmirror.com/@types%2fd3-path set size:8734 disposed:false
743 http fetch GET 200 https://registry.npmmirror.com/d3-format 78ms (cache miss)
744 silly packumentCache full:https://registry.npmmirror.com/d3-format set size:17044 disposed:false
745 http fetch GET 200 https://registry.npmmirror.com/d3-path 79ms (cache miss)
746 silly packumentCache full:https://registry.npmmirror.com/d3-path set size:13275 disposed:false
747 http fetch GET 200 https://registry.npmmirror.com/internmap 83ms (cache miss)
748 silly packumentCache full:https://registry.npmmirror.com/internmap set size:4157 disposed:false
749 http fetch GET 200 https://registry.npmmirror.com/d3-time-format 85ms (cache miss)
750 silly packumentCache full:https://registry.npmmirror.com/d3-time-format set size:19360 disposed:false
751 http fetch GET 200 https://registry.npmmirror.com/d3-color 139ms (cache miss)
752 silly packumentCache full:https://registry.npmmirror.com/d3-color set size:21076 disposed:false
753 silly placeDep ROOT @types/d3-color@3.1.3 OK for: @types/d3-interpolate@3.0.4 want: *
754 silly placeDep ROOT @types/d3-path@3.1.1 OK for: @types/d3-shape@3.1.8 want: *
755 silly placeDep ROOT internmap@2.0.3 OK for: d3-array@3.2.4 want: 1 - 2
756 silly placeDep ROOT d3-color@3.1.0 OK for: d3-interpolate@3.0.1 want: 1 - 3
757 silly placeDep ROOT d3-format@3.1.2 OK for: d3-scale@4.0.2 want: 1 - 3
758 silly placeDep ROOT d3-time-format@4.1.0 OK for: d3-scale@4.0.2 want: 2 - 4
759 silly placeDep ROOT d3-path@3.1.0 OK for: d3-shape@3.2.0 want: ^3.1.0
760 silly placeDep ROOT esbuild@0.21.5 OK for: vite@5.4.21 want: ^0.21.3
761 silly placeDep ROOT fsevents@2.3.3 OK for: vite@5.4.21 want: ~2.3.3
762 silly placeDep ROOT postcss@8.5.26 OK for: vite@5.4.21 want: ^8.4.43
763 silly placeDep ROOT rollup@4.62.4 OK for: vite@5.4.21 want: ^4.20.0
764 silly fetch manifest @esbuild/aix-ppc64@0.21.5
765 silly packumentCache full:https://registry.npmmirror.com/@esbuild%2faix-ppc64 cache-miss
766 silly fetch manifest @esbuild/android-arm@0.21.5
767 silly packumentCache full:https://registry.npmmirror.com/@esbuild%2fandroid-arm cache-miss
768 silly fetch manifest @esbuild/android-arm64@0.21.5
769 silly packumentCache full:https://registry.npmmirror.com/@esbuild%2fandroid-arm64 cache-miss
770 silly fetch manifest @esbuild/android-x64@0.21.5
771 silly packumentCache full:https://registry.npmmirror.com/@esbuild%2fandroid-x64 cache-miss
772 silly fetch manifest @esbuild/darwin-arm64@0.21.5
773 silly packumentCache full:https://registry.npmmirror.com/@esbuild%2fdarwin-arm64 cache-miss
774 silly fetch manifest @esbuild/darwin-x64@0.21.5
775 silly packumentCache full:https://registry.npmmirror.com/@esbuild%2fdarwin-x64 cache-miss
776 silly fetch manifest @esbuild/freebsd-arm64@0.21.5
777 silly packumentCache full:https://registry.npmmirror.com/@esbuild%2ffreebsd-arm64 cache-miss
778 silly fetch manifest @esbuild/freebsd-x64@0.21.5
779 silly packumentCache full:https://registry.npmmirror.com/@esbuild%2ffreebsd-x64 cache-miss
780 silly fetch manifest @esbuild/linux-arm@0.21.5
781 silly packumentCache full:https://registry.npmmirror.com/@esbuild%2flinux-arm cache-miss
782 silly fetch manifest @esbuild/linux-arm64@0.21.5
783 silly packumentCache full:https://registry.npmmirror.com/@esbuild%2flinux-arm64 cache-miss
784 silly fetch manifest @esbuild/linux-ia32@0.21.5
785 silly packumentCache full:https://registry.npmmirror.com/@esbuild%2flinux-ia32 cache-miss
786 silly fetch manifest @esbuild/linux-loong64@0.21.5
787 silly packumentCache full:https://registry.npmmirror.com/@esbuild%2flinux-loong64 cache-miss
788 silly fetch manifest @esbuild/linux-mips64el@0.21.5
789 silly packumentCache full:https://registry.npmmirror.com/@esbuild%2flinux-mips64el cache-miss
790 silly fetch manifest @esbuild/linux-ppc64@0.21.5
791 silly packumentCache full:https://registry.npmmirror.com/@esbuild%2flinux-ppc64 cache-miss
792 silly fetch manifest @esbuild/linux-riscv64@0.21.5
793 silly packumentCache full:https://registry.npmmirror.com/@esbuild%2flinux-riscv64 cache-miss
794 silly fetch manifest @esbuild/linux-s390x@0.21.5
795 silly packumentCache full:https://registry.npmmirror.com/@esbuild%2flinux-s390x cache-miss
796 silly fetch manifest @esbuild/linux-x64@0.21.5
797 silly packumentCache full:https://registry.npmmirror.com/@esbuild%2flinux-x64 cache-miss
798 silly fetch manifest @esbuild/netbsd-x64@0.21.5
799 silly packumentCache full:https://registry.npmmirror.com/@esbuild%2fnetbsd-x64 cache-miss
800 silly fetch manifest @esbuild/openbsd-x64@0.21.5
801 silly packumentCache full:https://registry.npmmirror.com/@esbuild%2fopenbsd-x64 cache-miss
802 silly fetch manifest @esbuild/sunos-x64@0.21.5
803 silly packumentCache full:https://registry.npmmirror.com/@esbuild%2fsunos-x64 cache-miss
804 silly fetch manifest @esbuild/win32-arm64@0.21.5
805 silly packumentCache full:https://registry.npmmirror.com/@esbuild%2fwin32-arm64 cache-miss
806 silly fetch manifest @esbuild/win32-ia32@0.21.5
807 silly packumentCache full:https://registry.npmmirror.com/@esbuild%2fwin32-ia32 cache-miss
808 silly fetch manifest @esbuild/win32-x64@0.21.5
809 silly packumentCache full:https://registry.npmmirror.com/@esbuild%2fwin32-x64 cache-miss
810 silly fetch manifest nanoid@^3.3.17
811 silly packumentCache full:https://registry.npmmirror.com/nanoid cache-miss
812 silly fetch manifest source-map-js@^1.2.1
813 silly packumentCache full:https://registry.npmmirror.com/source-map-js cache-miss
814 silly fetch manifest @types/estree@1.0.9
815 silly packumentCache full:https://registry.npmmirror.com/@types%2festree cache-miss
816 silly fetch manifest @rollup/rollup-darwin-x64@4.62.4
817 silly packumentCache full:https://registry.npmmirror.com/@rollup%2frollup-darwin-x64 cache-miss
818 silly fetch manifest @rollup/rollup-freebsd-x64@4.62.4
819 silly packumentCache full:https://registry.npmmirror.com/@rollup%2frollup-freebsd-x64 cache-miss
820 silly fetch manifest @rollup/rollup-openbsd-x64@4.62.4
821 silly packumentCache full:https://registry.npmmirror.com/@rollup%2frollup-openbsd-x64 cache-miss
822 silly fetch manifest @napi-rs/lzma-linux-x64-gnu@1.5.1
823 silly packumentCache full:https://registry.npmmirror.com/@napi-rs%2flzma-linux-x64-gnu cache-miss
824 silly fetch manifest @rollup/rollup-darwin-arm64@4.62.4
825 silly packumentCache full:https://registry.npmmirror.com/@rollup%2frollup-darwin-arm64 cache-miss
826 http fetch GET 200 https://registry.npmmirror.com/@esbuild%2fandroid-x64 196ms (cache miss)
827 silly packumentCache full:https://registry.npmmirror.com/@esbuild%2fandroid-x64 set size:60901 disposed:false
828 silly fetch manifest @rollup/rollup-android-arm64@4.62.4
829 silly packumentCache full:https://registry.npmmirror.com/@rollup%2frollup-android-arm64 cache-miss
830 http fetch GET 200 https://registry.npmmirror.com/@esbuild%2fandroid-arm 231ms (cache miss)
831 silly packumentCache full:https://registry.npmmirror.com/@esbuild%2fandroid-arm set size:71055 disposed:false
832 silly fetch manifest @rollup/rollup-freebsd-arm64@4.62.4
833 silly packumentCache full:https://registry.npmmirror.com/@rollup%2frollup-freebsd-arm64 cache-miss
834 http fetch GET 200 https://registry.npmmirror.com/@esbuild%2faix-ppc64 260ms (cache miss)
835 silly packumentCache full:https://registry.npmmirror.com/@esbuild%2faix-ppc64 set size:16384 disposed:false
836 silly fetch manifest @rollup/rollup-linux-x64-gnu@4.62.4
837 silly packumentCache full:https://registry.npmmirror.com/@rollup%2frollup-linux-x64-gnu cache-miss
838 http fetch GET 200 https://registry.npmmirror.com/@esbuild%2fdarwin-x64 268ms (cache miss)
839 silly packumentCache full:https://registry.npmmirror.com/@esbuild%2fdarwin-x64 set size:60819 disposed:false
840 silly fetch manifest @rollup/rollup-win32-x64-gnu@4.62.4
841 silly packumentCache full:https://registry.npmmirror.com/@rollup%2frollup-win32-x64-gnu cache-miss
842 http fetch GET 200 https://registry.npmmirror.com/@esbuild%2ffreebsd-x64 325ms (cache miss)
843 silly packumentCache full:https://registry.npmmirror.com/@esbuild%2ffreebsd-x64 set size:61069 disposed:false
844 silly fetch manifest @rollup/rollup-linux-x64-musl@4.62.4
845 silly packumentCache full:https://registry.npmmirror.com/@rollup%2frollup-linux-x64-musl cache-miss
846 http fetch GET 200 https://registry.npmmirror.com/@esbuild%2fandroid-arm64 335ms (cache miss)
847 silly packumentCache full:https://registry.npmmirror.com/@esbuild%2fandroid-arm64 set size:61638 disposed:false
848 silly fetch manifest @rollup/rollup-win32-x64-msvc@4.62.4
849 silly packumentCache full:https://registry.npmmirror.com/@rollup%2frollup-win32-x64-msvc cache-miss
850 http fetch GET 200 https://registry.npmmirror.com/@esbuild%2flinux-ia32 398ms (cache miss)
851 silly packumentCache full:https://registry.npmmirror.com/@esbuild%2flinux-ia32 set size:60999 disposed:false
852 silly fetch manifest @rollup/rollup-linux-arm64-gnu@4.62.4
853 silly packumentCache full:https://registry.npmmirror.com/@rollup%2frollup-linux-arm64-gnu cache-miss
854 http fetch GET 200 https://registry.npmmirror.com/@esbuild%2ffreebsd-arm64 485ms (cache miss)
855 silly packumentCache full:https://registry.npmmirror.com/@esbuild%2ffreebsd-arm64 set size:60684 disposed:false
856 silly fetch manifest @rollup/rollup-linux-ppc64-gnu@4.62.4
857 silly packumentCache full:https://registry.npmmirror.com/@rollup%2frollup-linux-ppc64-gnu cache-miss
858 http fetch GET 200 https://registry.npmmirror.com/@esbuild%2flinux-arm64 484ms (cache miss)
859 silly packumentCache full:https://registry.npmmirror.com/@esbuild%2flinux-arm64 set size:60822 disposed:false
860 silly fetch manifest @rollup/rollup-linux-s390x-gnu@4.62.4
861 silly packumentCache full:https://registry.npmmirror.com/@rollup%2frollup-linux-s390x-gnu cache-miss
862 http fetch GET 200 https://registry.npmmirror.com/@esbuild%2flinux-ppc64 486ms (cache miss)
863 silly packumentCache full:https://registry.npmmirror.com/@esbuild%2flinux-ppc64 set size:60775 disposed:false
864 silly fetch manifest @rollup/rollup-win32-ia32-msvc@4.62.4
865 silly packumentCache full:https://registry.npmmirror.com/@rollup%2frollup-win32-ia32-msvc cache-miss
866 http fetch GET 200 https://registry.npmmirror.com/@esbuild%2fdarwin-arm64 491ms (cache miss)
867 silly packumentCache full:https://registry.npmmirror.com/@esbuild%2fdarwin-arm64 set size:61122 disposed:false
868 silly fetch manifest @rollup/rollup-android-arm-eabi@4.62.4
869 silly packumentCache full:https://registry.npmmirror.com/@rollup%2frollup-android-arm-eabi cache-miss
870 http fetch GET 200 https://registry.npmmirror.com/@esbuild%2flinux-arm 492ms (cache miss)
871 silly packumentCache full:https://registry.npmmirror.com/@esbuild%2flinux-arm set size:60364 disposed:false
872 silly fetch manifest @rollup/rollup-linux-arm64-musl@4.62.4
873 silly packumentCache full:https://registry.npmmirror.com/@rollup%2frollup-linux-arm64-musl cache-miss
874 http fetch GET 200 https://registry.npmmirror.com/@esbuild%2flinux-mips64el 498ms (cache miss)
875 silly packumentCache full:https://registry.npmmirror.com/@esbuild%2flinux-mips64el set size:61034 disposed:false
876 silly fetch manifest @rollup/rollup-linux-ppc64-musl@4.62.4
877 silly packumentCache full:https://registry.npmmirror.com/@rollup%2frollup-linux-ppc64-musl cache-miss
878 http fetch GET 200 https://registry.npmmirror.com/@esbuild%2fsunos-x64 520ms (cache miss)
879 silly packumentCache full:https://registry.npmmirror.com/@esbuild%2fsunos-x64 set size:60980 disposed:false
880 silly fetch manifest @rollup/rollup-win32-arm64-msvc@4.62.4
881 silly packumentCache full:https://registry.npmmirror.com/@rollup%2frollup-win32-arm64-msvc cache-miss
882 http fetch GET 200 https://registry.npmmirror.com/@esbuild%2flinux-s390x 524ms (cache miss)
883 silly packumentCache full:https://registry.npmmirror.com/@esbuild%2flinux-s390x set size:60989 disposed:false
884 silly fetch manifest @rollup/rollup-linux-loong64-gnu@4.62.4
885 silly packumentCache full:https://registry.npmmirror.com/@rollup%2frollup-linux-loong64-gnu cache-miss
886 http fetch GET 200 https://registry.npmmirror.com/@esbuild%2flinux-x64 529ms (cache miss)
887 silly packumentCache full:https://registry.npmmirror.com/@esbuild%2flinux-x64 set size:60807 disposed:false
888 silly fetch manifest @rollup/rollup-linux-riscv64-gnu@4.62.4
889 silly packumentCache full:https://registry.npmmirror.com/@rollup%2frollup-linux-riscv64-gnu cache-miss
890 http fetch GET 200 https://registry.npmmirror.com/@esbuild%2fnetbsd-x64 536ms (cache miss)
891 silly packumentCache full:https://registry.npmmirror.com/@esbuild%2fnetbsd-x64 set size:60909 disposed:false
892 silly fetch manifest @rollup/rollup-openharmony-arm64@4.62.4
893 silly packumentCache full:https://registry.npmmirror.com/@rollup%2frollup-openharmony-arm64 cache-miss
894 http fetch GET 200 https://registry.npmmirror.com/@esbuild%2fopenbsd-x64 537ms (cache miss)
895 silly packumentCache full:https://registry.npmmirror.com/@esbuild%2fopenbsd-x64 set size:61016 disposed:false
896 silly fetch manifest @rollup/rollup-linux-loong64-musl@4.62.4
897 silly packumentCache full:https://registry.npmmirror.com/@rollup%2frollup-linux-loong64-musl cache-miss
898 http fetch GET 200 https://registry.npmmirror.com/@esbuild%2flinux-riscv64 549ms (cache miss)
899 silly packumentCache full:https://registry.npmmirror.com/@esbuild%2flinux-riscv64 set size:60990 disposed:false
900 silly fetch manifest @rollup/rollup-linux-riscv64-musl@4.62.4
901 silly packumentCache full:https://registry.npmmirror.com/@rollup%2frollup-linux-riscv64-musl cache-miss
902 http fetch GET 200 https://registry.npmmirror.com/@esbuild%2flinux-loong64 552ms (cache miss)
903 silly packumentCache full:https://registry.npmmirror.com/@esbuild%2flinux-loong64 set size:80397 disposed:false
904 silly fetch manifest @rollup/rollup-linux-arm-gnueabihf@4.62.4
905 silly packumentCache full:https://registry.npmmirror.com/@rollup%2frollup-linux-arm-gnueabihf cache-miss
906 http fetch GET 200 https://registry.npmmirror.com/@esbuild%2fwin32-arm64 553ms (cache miss)
907 silly packumentCache full:https://registry.npmmirror.com/@esbuild%2fwin32-arm64 set size:60969 disposed:false
908 silly fetch manifest @rollup/rollup-linux-arm-musleabihf@4.62.4
909 silly packumentCache full:https://registry.npmmirror.com/@rollup%2frollup-linux-arm-musleabihf cache-miss
910 http fetch GET 200 https://registry.npmmirror.com/@napi-rs%2flzma-linux-x64-gnu 560ms (cache miss)
911 silly packumentCache full:https://registry.npmmirror.com/@napi-rs%2flzma-linux-x64-gnu set size:8135 disposed:false
912 http fetch GET 200 https://registry.npmmirror.com/@rollup%2frollup-openbsd-x64 560ms (cache miss)
913 silly packumentCache full:https://registry.npmmirror.com/@rollup%2frollup-openbsd-x64 set size:9492 disposed:false
914 http fetch GET 200 https://registry.npmmirror.com/source-map-js 562ms (cache miss)
915 silly packumentCache full:https://registry.npmmirror.com/source-map-js set size:14399 disposed:false
916 http fetch GET 200 https://registry.npmmirror.com/@types%2festree 568ms (cache miss)
917 silly packumentCache full:https://registry.npmmirror.com/@types%2festree set size:16478 disposed:false
918 http fetch GET 200 https://registry.npmmirror.com/nanoid 597ms (cache miss)
919 silly packumentCache full:https://registry.npmmirror.com/nanoid set size:54118 disposed:false
920 http fetch GET 200 https://registry.npmmirror.com/@rollup%2frollup-darwin-arm64 618ms (cache miss)
921 silly packumentCache full:https://registry.npmmirror.com/@rollup%2frollup-darwin-arm64 set size:72453 disposed:false
922 http fetch GET 200 https://registry.npmmirror.com/@esbuild%2fwin32-ia32 633ms (cache miss)
923 silly packumentCache full:https://registry.npmmirror.com/@esbuild%2fwin32-ia32 set size:61499 disposed:false
924 http fetch GET 200 https://registry.npmmirror.com/@rollup%2frollup-freebsd-x64 656ms (cache miss)
925 silly packumentCache full:https://registry.npmmirror.com/@rollup%2frollup-freebsd-x64 set size:41454 disposed:false
926 http fetch GET 200 https://registry.npmmirror.com/@esbuild%2fwin32-x64 664ms (cache miss)
927 silly packumentCache full:https://registry.npmmirror.com/@esbuild%2fwin32-x64 set size:60906 disposed:false
928 http fetch GET 200 https://registry.npmmirror.com/@rollup%2frollup-darwin-x64 665ms (cache miss)
929 silly packumentCache full:https://registry.npmmirror.com/@rollup%2frollup-darwin-x64 set size:71889 disposed:false
930 http fetch GET 200 https://registry.npmmirror.com/@rollup%2frollup-linux-arm64-gnu 313ms (cache miss)
931 silly packumentCache full:https://registry.npmmirror.com/@rollup%2frollup-linux-arm64-gnu set size:72729 disposed:false
932 http fetch GET 200 https://registry.npmmirror.com/@rollup%2frollup-win32-x64-gnu 450ms (cache miss)
933 silly packumentCache full:https://registry.npmmirror.com/@rollup%2frollup-win32-x64-gnu set size:15218 disposed:false
934 http fetch GET 200 https://registry.npmmirror.com/@rollup%2frollup-android-arm-eabi 228ms (cache miss)
935 silly packumentCache full:https://registry.npmmirror.com/@rollup%2frollup-android-arm-eabi set size:72670 disposed:false
936 http fetch GET 200 https://registry.npmmirror.com/@rollup%2frollup-linux-ppc64-musl 226ms (cache miss)
937 silly packumentCache full:https://registry.npmmirror.com/@rollup%2frollup-linux-ppc64-musl set size:9562 disposed:false
938 http fetch GET 200 https://registry.npmmirror.com/@rollup%2frollup-win32-x64-msvc 404ms (cache miss)
939 silly packumentCache full:https://registry.npmmirror.com/@rollup%2frollup-win32-x64-msvc set size:72257 disposed:false
940 http fetch GET 200 https://registry.npmmirror.com/@rollup%2frollup-linux-arm64-musl 250ms (cache miss)
941 silly packumentCache full:https://registry.npmmirror.com/@rollup%2frollup-linux-arm64-musl set size:63864 disposed:false
942 http fetch GET 200 https://registry.npmmirror.com/@rollup%2frollup-win32-ia32-msvc 257ms (cache miss)
943 silly packumentCache full:https://registry.npmmirror.com/@rollup%2frollup-win32-ia32-msvc set size:73100 disposed:false
944 http fetch GET 200 https://registry.npmmirror.com/@rollup%2frollup-freebsd-arm64 521ms (cache miss)
945 silly packumentCache full:https://registry.npmmirror.com/@rollup%2frollup-freebsd-arm64 set size:41545 disposed:false
946 http fetch GET 200 https://registry.npmmirror.com/@rollup%2frollup-linux-s390x-gnu 266ms (cache miss)
947 silly packumentCache full:https://registry.npmmirror.com/@rollup%2frollup-linux-s390x-gnu set size:53067 disposed:false
948 http fetch GET 200 https://registry.npmmirror.com/@rollup%2frollup-android-arm64 575ms (cache miss)
949 silly packumentCache full:https://registry.npmmirror.com/@rollup%2frollup-android-arm64 set size:72676 disposed:false
950 http fetch GET 200 https://registry.npmmirror.com/@rollup%2frollup-linux-x64-musl 474ms (cache miss)
951 silly packumentCache full:https://registry.npmmirror.com/@rollup%2frollup-linux-x64-musl set size:72082 disposed:false
952 http fetch GET 200 https://registry.npmmirror.com/@rollup%2frollup-linux-loong64-gnu 282ms (cache miss)
953 silly packumentCache full:https://registry.npmmirror.com/@rollup%2frollup-linux-loong64-gnu set size:16275 disposed:false
954 http fetch GET 200 https://registry.npmmirror.com/@rollup%2frollup-openharmony-arm64 276ms (cache miss)
955 silly packumentCache full:https://registry.npmmirror.com/@rollup%2frollup-openharmony-arm64 set size:16755 disposed:false
956 http fetch GET 200 https://registry.npmmirror.com/@rollup%2frollup-win32-arm64-msvc 291ms (cache miss)
957 silly packumentCache full:https://registry.npmmirror.com/@rollup%2frollup-win32-arm64-msvc set size:72961 disposed:false
958 http fetch GET 200 https://registry.npmmirror.com/@rollup%2frollup-linux-x64-gnu 591ms (cache miss)
959 silly packumentCache full:https://registry.npmmirror.com/@rollup%2frollup-linux-x64-gnu set size:72157 disposed:false
960 http fetch GET 200 https://registry.npmmirror.com/@rollup%2frollup-linux-riscv64-musl 298ms (cache miss)
961 silly packumentCache full:https://registry.npmmirror.com/@rollup%2frollup-linux-riscv64-musl set size:25895 disposed:false
962 http fetch GET 200 https://registry.npmmirror.com/@rollup%2frollup-linux-ppc64-gnu 383ms (cache miss)
963 silly packumentCache full:https://registry.npmmirror.com/@rollup%2frollup-linux-ppc64-gnu set size:20866 disposed:false
964 http fetch GET 200 https://registry.npmmirror.com/@rollup%2frollup-linux-arm-gnueabihf 316ms (cache miss)
965 silly packumentCache full:https://registry.npmmirror.com/@rollup%2frollup-linux-arm-gnueabihf set size:73146 disposed:false
966 http fetch GET 200 https://registry.npmmirror.com/@rollup%2frollup-linux-arm-musleabihf 314ms (cache miss)
967 silly packumentCache full:https://registry.npmmirror.com/@rollup%2frollup-linux-arm-musleabihf set size:52010 disposed:false
968 http fetch GET 200 https://registry.npmmirror.com/@rollup%2frollup-linux-loong64-musl 371ms (cache miss)
969 silly packumentCache full:https://registry.npmmirror.com/@rollup%2frollup-linux-loong64-musl set size:9562 disposed:false
970 http fetch GET 200 https://registry.npmmirror.com/@rollup%2frollup-linux-riscv64-gnu 395ms (cache miss)
971 silly packumentCache full:https://registry.npmmirror.com/@rollup%2frollup-linux-riscv64-gnu set size:57961 disposed:false
972 silly placeDep ROOT @esbuild/aix-ppc64@0.21.5 OK for: esbuild@0.21.5 want: 0.21.5
973 silly placeDep ROOT @esbuild/android-arm@0.21.5 OK for: esbuild@0.21.5 want: 0.21.5
974 silly placeDep ROOT @esbuild/android-arm64@0.21.5 OK for: esbuild@0.21.5 want: 0.21.5
975 silly placeDep ROOT @esbuild/android-x64@0.21.5 OK for: esbuild@0.21.5 want: 0.21.5
976 silly placeDep ROOT @esbuild/darwin-arm64@0.21.5 OK for: esbuild@0.21.5 want: 0.21.5
977 silly placeDep ROOT @esbuild/darwin-x64@0.21.5 OK for: esbuild@0.21.5 want: 0.21.5
978 silly placeDep ROOT @esbuild/freebsd-arm64@0.21.5 OK for: esbuild@0.21.5 want: 0.21.5
979 silly placeDep ROOT @esbuild/freebsd-x64@0.21.5 OK for: esbuild@0.21.5 want: 0.21.5
980 silly placeDep ROOT @esbuild/linux-arm@0.21.5 OK for: esbuild@0.21.5 want: 0.21.5
981 silly placeDep ROOT @esbuild/linux-arm64@0.21.5 OK for: esbuild@0.21.5 want: 0.21.5
982 silly placeDep ROOT @esbuild/linux-ia32@0.21.5 OK for: esbuild@0.21.5 want: 0.21.5
983 silly placeDep ROOT @esbuild/linux-loong64@0.21.5 OK for: esbuild@0.21.5 want: 0.21.5
984 silly placeDep ROOT @esbuild/linux-mips64el@0.21.5 OK for: esbuild@0.21.5 want: 0.21.5
985 silly placeDep ROOT @esbuild/linux-ppc64@0.21.5 OK for: esbuild@0.21.5 want: 0.21.5
986 silly placeDep ROOT @esbuild/linux-riscv64@0.21.5 OK for: esbuild@0.21.5 want: 0.21.5
987 silly placeDep ROOT @esbuild/linux-s390x@0.21.5 OK for: esbuild@0.21.5 want: 0.21.5
988 silly placeDep ROOT @esbuild/linux-x64@0.21.5 OK for: esbuild@0.21.5 want: 0.21.5
989 silly placeDep ROOT @esbuild/netbsd-x64@0.21.5 OK for: esbuild@0.21.5 want: 0.21.5
990 silly placeDep ROOT @esbuild/openbsd-x64@0.21.5 OK for: esbuild@0.21.5 want: 0.21.5
991 silly placeDep ROOT @esbuild/sunos-x64@0.21.5 OK for: esbuild@0.21.5 want: 0.21.5
992 silly placeDep ROOT @esbuild/win32-arm64@0.21.5 OK for: esbuild@0.21.5 want: 0.21.5
993 silly placeDep ROOT @esbuild/win32-ia32@0.21.5 OK for: esbuild@0.21.5 want: 0.21.5
994 silly placeDep ROOT @esbuild/win32-x64@0.21.5 OK for: esbuild@0.21.5 want: 0.21.5
995 silly placeDep ROOT nanoid@3.3.18 OK for: postcss@8.5.26 want: ^3.3.17
996 silly placeDep ROOT source-map-js@1.2.1 OK for: postcss@8.5.26 want: ^1.2.1
997 silly placeDep ROOT @napi-rs/lzma-linux-x64-gnu@1.5.1 OK for: rollup@4.62.4 want: 1.5.1
998 silly placeDep ROOT @rollup/rollup-android-arm-eabi@4.62.4 OK for: rollup@4.62.4 want: 4.62.4
999 silly placeDep ROOT @rollup/rollup-android-arm64@4.62.4 OK for: rollup@4.62.4 want: 4.62.4
1000 silly placeDep ROOT @rollup/rollup-darwin-arm64@4.62.4 OK for: rollup@4.62.4 want: 4.62.4
1001 silly placeDep ROOT @rollup/rollup-darwin-x64@4.62.4 OK for: rollup@4.62.4 want: 4.62.4
1002 silly placeDep ROOT @rollup/rollup-freebsd-arm64@4.62.4 OK for: rollup@4.62.4 want: 4.62.4
1003 silly placeDep ROOT @rollup/rollup-freebsd-x64@4.62.4 OK for: rollup@4.62.4 want: 4.62.4
1004 silly placeDep ROOT @rollup/rollup-linux-arm-gnueabihf@4.62.4 OK for: rollup@4.62.4 want: 4.62.4
1005 silly placeDep ROOT @rollup/rollup-linux-arm-musleabihf@4.62.4 OK for: rollup@4.62.4 want: 4.62.4
1006 silly placeDep ROOT @rollup/rollup-linux-arm64-gnu@4.62.4 OK for: rollup@4.62.4 want: 4.62.4
1007 silly placeDep ROOT @rollup/rollup-linux-arm64-musl@4.62.4 OK for: rollup@4.62.4 want: 4.62.4
1008 silly placeDep ROOT @rollup/rollup-linux-loong64-gnu@4.62.4 OK for: rollup@4.62.4 want: 4.62.4
1009 silly placeDep ROOT @rollup/rollup-linux-loong64-musl@4.62.4 OK for: rollup@4.62.4 want: 4.62.4
1010 silly placeDep ROOT @rollup/rollup-linux-ppc64-gnu@4.62.4 OK for: rollup@4.62.4 want: 4.62.4
1011 silly placeDep ROOT @rollup/rollup-linux-ppc64-musl@4.62.4 OK for: rollup@4.62.4 want: 4.62.4
1012 silly placeDep ROOT @rollup/rollup-linux-riscv64-gnu@4.62.4 OK for: rollup@4.62.4 want: 4.62.4
1013 silly placeDep ROOT @rollup/rollup-linux-riscv64-musl@4.62.4 OK for: rollup@4.62.4 want: 4.62.4
1014 silly placeDep ROOT @rollup/rollup-linux-s390x-gnu@4.62.4 OK for: rollup@4.62.4 want: 4.62.4
1015 silly placeDep ROOT @rollup/rollup-linux-x64-gnu@4.62.4 OK for: rollup@4.62.4 want: 4.62.4
1016 silly placeDep ROOT @rollup/rollup-linux-x64-musl@4.62.4 OK for: rollup@4.62.4 want: 4.62.4
1017 silly placeDep ROOT @rollup/rollup-openbsd-x64@4.62.4 OK for: rollup@4.62.4 want: 4.62.4
1018 silly placeDep ROOT @rollup/rollup-openharmony-arm64@4.62.4 OK for: rollup@4.62.4 want: 4.62.4
1019 silly placeDep ROOT @rollup/rollup-win32-arm64-msvc@4.62.4 OK for: rollup@4.62.4 want: 4.62.4
1020 silly placeDep ROOT @rollup/rollup-win32-ia32-msvc@4.62.4 OK for: rollup@4.62.4 want: 4.62.4
1021 silly placeDep ROOT @rollup/rollup-win32-x64-gnu@4.62.4 OK for: rollup@4.62.4 want: 4.62.4
1022 silly placeDep ROOT @rollup/rollup-win32-x64-msvc@4.62.4 OK for: rollup@4.62.4 want: 4.62.4
1023 silly placeDep ROOT @types/estree@1.0.9 OK for: rollup@4.62.4 want: 1.0.9
1024 silly reify moves {}
1025 silly audit bulk request {
1025 silly audit   '@types/react': [ '18.3.31' ],
1025 silly audit   '@types/react-dom': [ '18.3.7' ],
1025 silly audit   '@vitejs/plugin-react': [ '4.7.0' ],
1025 silly audit   vite: [ '5.4.21' ],
1025 silly audit   axios: [ '1.19.0' ],
1025 silly audit   react: [ '18.3.1' ],
1025 silly audit   'react-dom': [ '18.3.1' ],
1025 silly audit   recharts: [ '2.15.4' ],
1025 silly audit   typescript: [ '5.9.3' ],
1025 silly audit   '@types/prop-types': [ '15.7.15' ],
1025 silly audit   csstype: [ '3.2.3' ],
1025 silly audit   '@babel/core': [ '7.29.7' ],
1025 silly audit   '@babel/plugin-transform-react-jsx-self': [ '7.29.7' ],
1025 silly audit   '@babel/plugin-transform-react-jsx-source': [ '7.29.7' ],
1025 silly audit   '@rolldown/pluginutils': [ '1.0.0-beta.27' ],
1025 silly audit   '@types/babel__core': [ '7.20.5' ],
1025 silly audit   'react-refresh': [ '0.17.0' ],
1025 silly audit   '@babel/code-frame': [ '7.29.7' ],
1025 silly audit   '@babel/generator': [ '7.29.8' ],
1025 silly audit   '@babel/helper-compilation-targets': [ '7.29.7' ],
1025 silly audit   '@babel/helper-module-transforms': [ '7.29.7' ],
1025 silly audit   '@babel/helpers': [ '7.29.7' ],
1025 silly audit   '@babel/parser': [ '7.29.8' ],
1025 silly audit   '@babel/template': [ '7.29.7' ],
1025 silly audit   '@babel/traverse': [ '7.29.8' ],
1025 silly audit   '@babel/types': [ '7.29.8' ],
1025 silly audit   '@jridgewell/remapping': [ '2.3.5' ],
1025 silly audit   'convert-source-map': [ '2.0.0' ],
1025 silly audit   debug: [ '4.4.3' ],
1025 silly audit   gensync: [ '1.0.0-beta.2' ],
1025 silly audit   json5: [ '2.2.3' ],
1025 silly audit   semver: [ '6.3.1' ],
1025 silly audit   '@babel/helper-validator-identifier': [ '7.29.7' ],
1025 silly audit   'js-tokens': [ '4.0.0' ],
1025 silly audit   picocolors: [ '1.1.1' ],
1025 silly audit   '@jridgewell/gen-mapping': [ '0.3.13' ],
1025 silly audit   '@jridgewell/trace-mapping': [ '0.3.31' ],
1025 silly audit   jsesc: [ '3.1.0' ],
1025 silly audit   '@babel/compat-data': [ '7.29.7' ],
1025 silly audit   '@babel/helper-validator-option': [ '7.29.7' ],
1025 silly audit   browserslist: [ '4.28.8' ],
1025 silly audit   'lru-cache': [ '5.1.1' ],
1025 silly audit   '@babel/helper-module-imports': [ '7.29.7' ],
1025 silly audit   '@babel/helper-plugin-utils': [ '7.29.7' ],
1025 silly audit   '@babel/helper-globals': [ '7.29.7' ],
1025 silly audit   '@babel/helper-string-parser': [ '7.29.7' ],
1025 silly audit   '@jridgewell/sourcemap-codec': [ '1.5.5' ],
1025 silly audit   '@jridgewell/resolve-uri': [ '3.1.2' ],
1025 silly audit   '@types/babel__generator': [ '7.27.0' ],
1025 silly audit   '@types/babel__template': [ '7.4.4' ],
1025 silly audit   '@types/babel__traverse': [ '7.28.0' ],
1025 silly audit   'follow-redirects': [ '1.16.0' ],
1025 silly audit   'form-data': [ '4.0.6' ],
1025 silly audit   'https-proxy-agent': [ '5.0.1' ],
1025 silly audit   'proxy-from-env': [ '2.1.0' ],
1025 silly audit   'baseline-browser-mapping': [ '2.11.13' ],
1025 silly audit   'caniuse-lite': [ '1.0.30001809' ],
1025 silly audit   'electron-to-chromium': [ '1.5.405' ],
1025 silly audit   'node-releases': [ '2.0.53' ],
1025 silly audit   'update-browserslist-db': [ '1.3.1' ],
1025 silly audit   ms: [ '2.1.3' ],
1025 silly audit   asynckit: [ '0.4.0' ],
1025 silly audit   'combined-stream': [ '1.0.8' ],
1025 silly audit   'es-set-tostringtag': [ '2.1.0' ],
1025 silly audit   hasown: [ '2.0.4' ],
1025 silly audit   'mime-types': [ '2.1.35' ],
1025 silly audit   'delayed-stream': [ '1.0.0' ],
1025 silly audit   'es-errors': [ '1.3.0' ],
1025 silly audit   'get-intrinsic': [ '1.3.0' ],
1025 silly audit   'has-tostringtag': [ '1.0.2' ],
1025 silly audit   'call-bind-apply-helpers': [ '1.0.2' ],
1025 silly audit   'es-define-property': [ '1.0.1' ],
1025 silly audit   'es-object-atoms': [ '1.1.2' ],
1025 silly audit   'function-bind': [ '1.1.2' ],
1025 silly audit   'get-proto': [ '1.0.1' ],
1025 silly audit   gopd: [ '1.2.0' ],
1025 silly audit   'has-symbols': [ '1.1.0' ],
1025 silly audit   'math-intrinsics': [ '1.1.0' ],
1025 silly audit   'dunder-proto': [ '1.0.1' ],
1025 silly audit   'agent-base': [ '6.0.2' ],
1025 silly audit   yallist: [ '3.1.1' ],
1025 silly audit   'mime-db': [ '1.52.0' ],
1025 silly audit   'loose-envify': [ '1.4.0' ],
1025 silly audit   scheduler: [ '0.23.2' ],
1025 silly audit   clsx: [ '2.1.1' ],
1025 silly audit   eventemitter3: [ '4.0.7' ],
1025 silly audit   lodash: [ '4.18.1' ],
1025 silly audit   'react-is': [ '18.3.1', '16.13.1' ],
1025 silly audit   'react-smooth': [ '4.0.4' ],
1025 silly audit   'recharts-scale': [ '0.4.5' ],
1025 silly audit   'tiny-invariant': [ '1.3.3' ],
1025 silly audit   'victory-vendor': [ '36.9.2' ],
1025 silly audit   'fast-equals': [ '5.4.1' ],
1025 silly audit   'prop-types': [ '15.8.1' ],
1025 silly audit   'react-transition-group': [ '4.4.5' ],
1025 silly audit   'object-assign': [ '4.1.1' ],
1025 silly audit   '@babel/runtime': [ '7.29.7' ],
1025 silly audit   'dom-helpers': [ '5.2.1' ],
1025 silly audit   'decimal.js-light': [ '2.5.1' ],
1025 silly audit   escalade: [ '3.2.0' ],
1025 silly audit   '@types/d3-array': [ '3.2.2' ],
1025 silly audit   '@types/d3-ease': [ '3.0.2' ],
1025 silly audit   '@types/d3-interpolate': [ '3.0.4' ],
1025 silly audit   '@types/d3-scale': [ '4.0.9' ],
1025 silly audit   '@types/d3-shape': [ '3.1.8' ],
1025 silly audit   '@types/d3-time': [ '3.0.4' ],
1025 silly audit   '@types/d3-timer': [ '3.0.2' ],
1025 silly audit   'd3-array': [ '3.2.4' ],
1025 silly audit   'd3-ease': [ '3.0.1' ],
1025 silly audit   'd3-interpolate': [ '3.0.1' ],
1025 silly audit   'd3-scale': [ '4.0.2' ],
1025 silly audit   'd3-shape': [ '3.2.0' ],
1025 silly audit   'd3-time': [ '3.1.0' ],
1025 silly audit   'd3-timer': [ '3.0.1' ],
1025 silly audit   '@types/d3-color': [ '3.1.3' ],
1025 silly audit   '@types/d3-path': [ '3.1.1' ],
1025 silly audit   internmap: [ '2.0.3' ],
1025 silly audit   'd3-color': [ '3.1.0' ],
1025 silly audit   'd3-format': [ '3.1.2' ],
1025 silly audit   'd3-time-format': [ '4.1.0' ],
1025 silly audit   'd3-path': [ '3.1.0' ],
1025 silly audit   esbuild: [ '0.21.5' ],
1025 silly audit   fsevents: [ '2.3.3' ],
1025 silly audit   postcss: [ '8.5.26' ],
1025 silly audit   rollup: [ '4.62.4' ],
1025 silly audit   '@esbuild/aix-ppc64': [ '0.21.5' ],
1025 silly audit   '@esbuild/android-arm': [ '0.21.5' ],
1025 silly audit   '@esbuild/android-arm64': [ '0.21.5' ],
1025 silly audit   '@esbuild/android-x64': [ '0.21.5' ],
1025 silly audit   '@esbuild/darwin-arm64': [ '0.21.5' ],
1025 silly audit   '@esbuild/darwin-x64': [ '0.21.5' ],
1025 silly audit   '@esbuild/freebsd-arm64': [ '0.21.5' ],
1025 silly audit   '@esbuild/freebsd-x64': [ '0.21.5' ],
1025 silly audit   '@esbuild/linux-arm': [ '0.21.5' ],
1025 silly audit   '@esbuild/linux-arm64': [ '0.21.5' ],
1025 silly audit   '@esbuild/linux-ia32': [ '0.21.5' ],
1025 silly audit   '@esbuild/linux-loong64': [ '0.21.5' ],
1025 silly audit   '@esbuild/linux-mips64el': [ '0.21.5' ],
1025 silly audit   '@esbuild/linux-ppc64': [ '0.21.5' ],
1025 silly audit   '@esbuild/linux-riscv64': [ '0.21.5' ],
1025 silly audit   '@esbuild/linux-s390x': [ '0.21.5' ],
1025 silly audit   '@esbuild/linux-x64': [ '0.21.5' ],
1025 silly audit   '@esbuild/netbsd-x64': [ '0.21.5' ],
1025 silly audit   '@esbuild/openbsd-x64': [ '0.21.5' ],
1025 silly audit   '@esbuild/sunos-x64': [ '0.21.5' ],
1025 silly audit   '@esbuild/win32-arm64': [ '0.21.5' ],
1025 silly audit   '@esbuild/win32-ia32': [ '0.21.5' ],
1025 silly audit   '@esbuild/win32-x64': [ '0.21.5' ],
1025 silly audit   nanoid: [ '3.3.18' ],
1025 silly audit   'source-map-js': [ '1.2.1' ],
1025 silly audit   '@napi-rs/lzma-linux-x64-gnu': [ '1.5.1' ],
1025 silly audit   '@rollup/rollup-android-arm-eabi': [ '4.62.4' ],
1025 silly audit   '@rollup/rollup-android-arm64': [ '4.62.4' ],
1025 silly audit   '@rollup/rollup-darwin-arm64': [ '4.62.4' ],
1025 silly audit   '@rollup/rollup-darwin-x64': [ '4.62.4' ],
1025 silly audit   '@rollup/rollup-freebsd-arm64': [ '4.62.4' ],
1025 silly audit   '@rollup/rollup-freebsd-x64': [ '4.62.4' ],
1025 silly audit   '@rollup/rollup-linux-arm-gnueabihf': [ '4.62.4' ],
1025 silly audit   '@rollup/rollup-linux-arm-musleabihf': [ '4.62.4' ],
1025 silly audit   '@rollup/rollup-linux-arm64-gnu': [ '4.62.4' ],
1025 silly audit   '@rollup/rollup-linux-arm64-musl': [ '4.62.4' ],
1025 silly audit   '@rollup/rollup-linux-loong64-gnu': [ '4.62.4' ],
1025 silly audit   '@rollup/rollup-linux-loong64-musl': [ '4.62.4' ],
1025 silly audit   '@rollup/rollup-linux-ppc64-gnu': [ '4.62.4' ],
1025 silly audit   '@rollup/rollup-linux-ppc64-musl': [ '4.62.4' ],
1025 silly audit   '@rollup/rollup-linux-riscv64-gnu': [ '4.62.4' ],
1025 silly audit   '@rollup/rollup-linux-riscv64-musl': [ '4.62.4' ],
1025 silly audit   '@rollup/rollup-linux-s390x-gnu': [ '4.62.4' ],
1025 silly audit   '@rollup/rollup-linux-x64-gnu': [ '4.62.4' ],
1025 silly audit   '@rollup/rollup-linux-x64-musl': [ '4.62.4' ],
1025 silly audit   '@rollup/rollup-openbsd-x64': [ '4.62.4' ],
1025 silly audit   '@rollup/rollup-openharmony-arm64': [ '4.62.4' ],
1025 silly audit   '@rollup/rollup-win32-arm64-msvc': [ '4.62.4' ],
1025 silly audit   '@rollup/rollup-win32-ia32-msvc': [ '4.62.4' ],
1025 silly audit   '@rollup/rollup-win32-x64-gnu': [ '4.62.4' ],
1025 silly audit   '@rollup/rollup-win32-x64-msvc': [ '4.62.4' ],
1025 silly audit   '@types/estree': [ '1.0.9' ]
1025 silly audit }
1026 verbose reify failed optional dependency E:\FactorX\frontend\node_modules\@rollup\rollup-win32-ia32-msvc
1027 silly reify mark deleted [
1027 silly reify   'E:\\FactorX\\frontend\\node_modules\\@rollup\\rollup-win32-ia32-msvc'
1027 silly reify ]
1028 verbose reify failed optional dependency E:\FactorX\frontend\node_modules\@rollup\rollup-win32-arm64-msvc
1029 silly reify mark deleted [
1029 silly reify   'E:\\FactorX\\frontend\\node_modules\\@rollup\\rollup-win32-arm64-msvc'
1029 silly reify ]
1030 verbose reify failed optional dependency E:\FactorX\frontend\node_modules\@rollup\rollup-openharmony-arm64
1031 silly reify mark deleted [
1031 silly reify   'E:\\FactorX\\frontend\\node_modules\\@rollup\\rollup-openharmony-arm64'
1031 silly reify ]
1032 verbose reify failed optional dependency E:\FactorX\frontend\node_modules\@rollup\rollup-openbsd-x64
1033 silly reify mark deleted [ 'E:\\FactorX\\frontend\\node_modules\\@rollup\\rollup-openbsd-x64' ]
1034 verbose reify failed optional dependency E:\FactorX\frontend\node_modules\@rollup\rollup-linux-x64-musl
1035 silly reify mark deleted [
1035 silly reify   'E:\\FactorX\\frontend\\node_modules\\@rollup\\rollup-linux-x64-musl'
1035 silly reify ]
1036 verbose reify failed optional dependency E:\FactorX\frontend\node_modules\@rollup\rollup-linux-x64-gnu
1037 silly reify mark deleted [
1037 silly reify   'E:\\FactorX\\frontend\\node_modules\\@rollup\\rollup-linux-x64-gnu'
1037 silly reify ]
1038 verbose reify failed optional dependency E:\FactorX\frontend\node_modules\@rollup\rollup-linux-s390x-gnu
1039 silly reify mark deleted [
1039 silly reify   'E:\\FactorX\\frontend\\node_modules\\@rollup\\rollup-linux-s390x-gnu'
1039 silly reify ]
1040 verbose reify failed optional dependency E:\FactorX\frontend\node_modules\@rollup\rollup-linux-riscv64-musl
1041 silly reify mark deleted [
1041 silly reify   'E:\\FactorX\\frontend\\node_modules\\@rollup\\rollup-linux-riscv64-musl'
1041 silly reify ]
1042 verbose reify failed optional dependency E:\FactorX\frontend\node_modules\@rollup\rollup-linux-riscv64-gnu
1043 silly reify mark deleted [
1043 silly reify   'E:\\FactorX\\frontend\\node_modules\\@rollup\\rollup-linux-riscv64-gnu'
1043 silly reify ]
1044 verbose reify failed optional dependency E:\FactorX\frontend\node_modules\@rollup\rollup-linux-ppc64-musl
1045 silly reify mark deleted [
1045 silly reify   'E:\\FactorX\\frontend\\node_modules\\@rollup\\rollup-linux-ppc64-musl'
1045 silly reify ]
1046 verbose reify failed optional dependency E:\FactorX\frontend\node_modules\@rollup\rollup-linux-ppc64-gnu
1047 silly reify mark deleted [
1047 silly reify   'E:\\FactorX\\frontend\\node_modules\\@rollup\\rollup-linux-ppc64-gnu'
1047 silly reify ]
1048 verbose reify failed optional dependency E:\FactorX\frontend\node_modules\@rollup\rollup-linux-loong64-musl
1049 silly reify mark deleted [
1049 silly reify   'E:\\FactorX\\frontend\\node_modules\\@rollup\\rollup-linux-loong64-musl'
1049 silly reify ]
1050 verbose reify failed optional dependency E:\FactorX\frontend\node_modules\@rollup\rollup-linux-loong64-gnu
1051 silly reify mark deleted [
1051 silly reify   'E:\\FactorX\\frontend\\node_modules\\@rollup\\rollup-linux-loong64-gnu'
1051 silly reify ]
1052 verbose reify failed optional dependency E:\FactorX\frontend\node_modules\@rollup\rollup-linux-arm64-musl
1053 silly reify mark deleted [
1053 silly reify   'E:\\FactorX\\frontend\\node_modules\\@rollup\\rollup-linux-arm64-musl'
1053 silly reify ]
1054 verbose reify failed optional dependency E:\FactorX\frontend\node_modules\@rollup\rollup-linux-arm64-gnu
1055 silly reify mark deleted [
1055 silly reify   'E:\\FactorX\\frontend\\node_modules\\@rollup\\rollup-linux-arm64-gnu'
1055 silly reify ]
1056 verbose reify failed optional dependency E:\FactorX\frontend\node_modules\@rollup\rollup-linux-arm-musleabihf
1057 silly reify mark deleted [
1057 silly reify   'E:\\FactorX\\frontend\\node_modules\\@rollup\\rollup-linux-arm-musleabihf'
1057 silly reify ]
1058 verbose reify failed optional dependency E:\FactorX\frontend\node_modules\@rollup\rollup-linux-arm-gnueabihf
1059 silly reify mark deleted [
1059 silly reify   'E:\\FactorX\\frontend\\node_modules\\@rollup\\rollup-linux-arm-gnueabihf'
1059 silly reify ]
1060 verbose reify failed optional dependency E:\FactorX\frontend\node_modules\@rollup\rollup-freebsd-x64
1061 silly reify mark deleted [ 'E:\\FactorX\\frontend\\node_modules\\@rollup\\rollup-freebsd-x64' ]
1062 verbose reify failed optional dependency E:\FactorX\frontend\node_modules\@rollup\rollup-freebsd-arm64
1063 silly reify mark deleted [
1063 silly reify   'E:\\FactorX\\frontend\\node_modules\\@rollup\\rollup-freebsd-arm64'
1063 silly reify ]
1064 verbose reify failed optional dependency E:\FactorX\frontend\node_modules\@rollup\rollup-darwin-x64
1065 silly reify mark deleted [ 'E:\\FactorX\\frontend\\node_modules\\@rollup\\rollup-darwin-x64' ]
1066 verbose reify failed optional dependency E:\FactorX\frontend\node_modules\@rollup\rollup-darwin-arm64
1067 silly reify mark deleted [ 'E:\\FactorX\\frontend\\node_modules\\@rollup\\rollup-darwin-arm64' ]
1068 verbose reify failed optional dependency E:\FactorX\frontend\node_modules\@rollup\rollup-android-arm64
1069 silly reify mark deleted [
1069 silly reify   'E:\\FactorX\\frontend\\node_modules\\@rollup\\rollup-android-arm64'
1069 silly reify ]
1070 verbose reify failed optional dependency E:\FactorX\frontend\node_modules\@rollup\rollup-android-arm-eabi
1071 silly reify mark deleted [
1071 silly reify   'E:\\FactorX\\frontend\\node_modules\\@rollup\\rollup-android-arm-eabi'
1071 silly reify ]
1072 verbose reify failed optional dependency E:\FactorX\frontend\node_modules\@napi-rs\lzma-linux-x64-gnu
1073 silly reify mark deleted [ 'E:\\FactorX\\frontend\\node_modules\\@napi-rs\\lzma-linux-x64-gnu' ]
1074 verbose reify failed optional dependency E:\FactorX\frontend\node_modules\@esbuild\win32-ia32
1075 silly reify mark deleted [ 'E:\\FactorX\\frontend\\node_modules\\@esbuild\\win32-ia32' ]
1076 verbose reify failed optional dependency E:\FactorX\frontend\node_modules\@esbuild\win32-arm64
1077 silly reify mark deleted [ 'E:\\FactorX\\frontend\\node_modules\\@esbuild\\win32-arm64' ]
1078 verbose reify failed optional dependency E:\FactorX\frontend\node_modules\@esbuild\sunos-x64
1079 silly reify mark deleted [ 'E:\\FactorX\\frontend\\node_modules\\@esbuild\\sunos-x64' ]
1080 verbose reify failed optional dependency E:\FactorX\frontend\node_modules\@esbuild\openbsd-x64
1081 silly reify mark deleted [ 'E:\\FactorX\\frontend\\node_modules\\@esbuild\\openbsd-x64' ]
1082 verbose reify failed optional dependency E:\FactorX\frontend\node_modules\@esbuild\netbsd-x64
1083 silly reify mark deleted [ 'E:\\FactorX\\frontend\\node_modules\\@esbuild\\netbsd-x64' ]
1084 verbose reify failed optional dependency E:\FactorX\frontend\node_modules\@esbuild\linux-x64
1085 silly reify mark deleted [ 'E:\\FactorX\\frontend\\node_modules\\@esbuild\\linux-x64' ]
1086 verbose reify failed optional dependency E:\FactorX\frontend\node_modules\@esbuild\linux-s390x
1087 silly reify mark deleted [ 'E:\\FactorX\\frontend\\node_modules\\@esbuild\\linux-s390x' ]
1088 verbose reify failed optional dependency E:\FactorX\frontend\node_modules\@esbuild\linux-riscv64
1089 silly reify mark deleted [ 'E:\\FactorX\\frontend\\node_modules\\@esbuild\\linux-riscv64' ]
1090 verbose reify failed optional dependency E:\FactorX\frontend\node_modules\@esbuild\linux-ppc64
1091 silly reify mark deleted [ 'E:\\FactorX\\frontend\\node_modules\\@esbuild\\linux-ppc64' ]
1092 verbose reify failed optional dependency E:\FactorX\frontend\node_modules\@esbuild\linux-mips64el
1093 silly reify mark deleted [ 'E:\\FactorX\\frontend\\node_modules\\@esbuild\\linux-mips64el' ]
1094 verbose reify failed optional dependency E:\FactorX\frontend\node_modules\@esbuild\linux-loong64
1095 silly reify mark deleted [ 'E:\\FactorX\\frontend\\node_modules\\@esbuild\\linux-loong64' ]
1096 verbose reify failed optional dependency E:\FactorX\frontend\node_modules\@esbuild\linux-ia32
1097 silly reify mark deleted [ 'E:\\FactorX\\frontend\\node_modules\\@esbuild\\linux-ia32' ]
1098 verbose reify failed optional dependency E:\FactorX\frontend\node_modules\@esbuild\linux-arm64
1099 silly reify mark deleted [ 'E:\\FactorX\\frontend\\node_modules\\@esbuild\\linux-arm64' ]
1100 verbose reify failed optional dependency E:\FactorX\frontend\node_modules\@esbuild\linux-arm
1101 silly reify mark deleted [ 'E:\\FactorX\\frontend\\node_modules\\@esbuild\\linux-arm' ]
1102 verbose reify failed optional dependency E:\FactorX\frontend\node_modules\@esbuild\freebsd-x64
1103 silly reify mark deleted [ 'E:\\FactorX\\frontend\\node_modules\\@esbuild\\freebsd-x64' ]
1104 verbose reify failed optional dependency E:\FactorX\frontend\node_modules\@esbuild\freebsd-arm64
1105 silly reify mark deleted [ 'E:\\FactorX\\frontend\\node_modules\\@esbuild\\freebsd-arm64' ]
1106 verbose reify failed optional dependency E:\FactorX\frontend\node_modules\@esbuild\darwin-x64
1107 silly reify mark deleted [ 'E:\\FactorX\\frontend\\node_modules\\@esbuild\\darwin-x64' ]
1108 verbose reify failed optional dependency E:\FactorX\frontend\node_modules\@esbuild\darwin-arm64
1109 silly reify mark deleted [ 'E:\\FactorX\\frontend\\node_modules\\@esbuild\\darwin-arm64' ]
1110 verbose reify failed optional dependency E:\FactorX\frontend\node_modules\@esbuild\android-x64
1111 silly reify mark deleted [ 'E:\\FactorX\\frontend\\node_modules\\@esbuild\\android-x64' ]
1112 verbose reify failed optional dependency E:\FactorX\frontend\node_modules\@esbuild\android-arm64
1113 silly reify mark deleted [ 'E:\\FactorX\\frontend\\node_modules\\@esbuild\\android-arm64' ]
1114 verbose reify failed optional dependency E:\FactorX\frontend\node_modules\@esbuild\android-arm
1115 silly reify mark deleted [ 'E:\\FactorX\\frontend\\node_modules\\@esbuild\\android-arm' ]
1116 verbose reify failed optional dependency E:\FactorX\frontend\node_modules\@esbuild\aix-ppc64
1117 silly reify mark deleted [ 'E:\\FactorX\\frontend\\node_modules\\@esbuild\\aix-ppc64' ]
1118 verbose reify failed optional dependency E:\FactorX\frontend\node_modules\fsevents
1119 silly reify mark deleted [ 'E:\\FactorX\\frontend\\node_modules\\fsevents' ]
1120 silly tarball no local data for @types/estree@https://registry.npmmirror.com/@types/estree/-/estree-1.0.9.tgz. Extracting by manifest.
1121 silly tarball no local data for nanoid@https://registry.npmmirror.com/nanoid/-/nanoid-3.3.18.tgz. Extracting by manifest.
1122 silly tarball no local data for @rollup/rollup-win32-x64-msvc@https://registry.npmmirror.com/@rollup/rollup-win32-x64-msvc/-/rollup-win32-x64-msvc-4.62.4.tgz. Extracting by manifest.
1123 silly tarball no local data for @rollup/rollup-win32-x64-gnu@https://registry.npmmirror.com/@rollup/rollup-win32-x64-gnu/-/rollup-win32-x64-gnu-4.62.4.tgz. Extracting by manifest.
1124 silly tarball no local data for source-map-js@https://registry.npmmirror.com/source-map-js/-/source-map-js-1.2.1.tgz. Extracting by manifest.
1125 silly tarball no local data for rollup@https://registry.npmmirror.com/rollup/-/rollup-4.62.4.tgz. Extracting by manifest.
1126 silly tarball no local data for @esbuild/win32-x64@https://registry.npmmirror.com/@esbuild/win32-x64/-/win32-x64-0.21.5.tgz. Extracting by manifest.
1127 silly tarball no local data for postcss@https://registry.npmmirror.com/postcss/-/postcss-8.5.26.tgz. Extracting by manifest.
1128 silly tarball no local data for esbuild@https://registry.npmmirror.com/esbuild/-/esbuild-0.21.5.tgz. Extracting by manifest.
1129 silly tarball no local data for d3-format@https://registry.npmmirror.com/d3-format/-/d3-format-3.1.2.tgz. Extracting by manifest.
1130 silly tarball no local data for d3-time-format@https://registry.npmmirror.com/d3-time-format/-/d3-time-format-4.1.0.tgz. Extracting by manifest.
1131 silly tarball no local data for d3-color@https://registry.npmmirror.com/d3-color/-/d3-color-3.1.0.tgz. Extracting by manifest.
1132 silly tarball no local data for d3-path@https://registry.npmmirror.com/d3-path/-/d3-path-3.1.0.tgz. Extracting by manifest.
1133 silly tarball no local data for @types/d3-path@https://registry.npmmirror.com/@types/d3-path/-/d3-path-3.1.1.tgz. Extracting by manifest.
1134 silly tarball no local data for @types/d3-color@https://registry.npmmirror.com/@types/d3-color/-/d3-color-3.1.3.tgz. Extracting by manifest.
1135 silly tarball no local data for internmap@https://registry.npmmirror.com/internmap/-/internmap-2.0.3.tgz. Extracting by manifest.
1136 silly tarball no local data for d3-timer@https://registry.npmmirror.com/d3-timer/-/d3-timer-3.0.1.tgz. Extracting by manifest.
1137 silly tarball no local data for d3-shape@https://registry.npmmirror.com/d3-shape/-/d3-shape-3.2.0.tgz. Extracting by manifest.
1138 silly tarball no local data for d3-time@https://registry.npmmirror.com/d3-time/-/d3-time-3.1.0.tgz. Extracting by manifest.
1139 silly tarball no local data for d3-scale@https://registry.npmmirror.com/d3-scale/-/d3-scale-4.0.2.tgz. Extracting by manifest.
1140 silly tarball no local data for d3-array@https://registry.npmmirror.com/d3-array/-/d3-array-3.2.4.tgz. Extracting by manifest.
1141 silly tarball no local data for d3-interpolate@https://registry.npmmirror.com/d3-interpolate/-/d3-interpolate-3.0.1.tgz. Extracting by manifest.
1142 silly tarball no local data for @types/d3-timer@https://registry.npmmirror.com/@types/d3-timer/-/d3-timer-3.0.2.tgz. Extracting by manifest.
1143 silly tarball no local data for @types/d3-shape@https://registry.npmmirror.com/@types/d3-shape/-/d3-shape-3.1.8.tgz. Extracting by manifest.
1144 silly tarball no local data for @types/d3-scale@https://registry.npmmirror.com/@types/d3-scale/-/d3-scale-4.0.9.tgz. Extracting by manifest.
1145 silly tarball no local data for @types/d3-interpolate@https://registry.npmmirror.com/@types/d3-interpolate/-/d3-interpolate-3.0.4.tgz. Extracting by manifest.
1146 silly tarball no local data for @types/d3-ease@https://registry.npmmirror.com/@types/d3-ease/-/d3-ease-3.0.2.tgz. Extracting by manifest.
1147 silly tarball no local data for @types/d3-array@https://registry.npmmirror.com/@types/d3-array/-/d3-array-3.2.2.tgz. Extracting by manifest.
1148 silly tarball no local data for escalade@https://registry.npmmirror.com/escalade/-/escalade-3.2.0.tgz. Extracting by manifest.
1149 silly tarball no local data for decimal.js-light@https://registry.npmmirror.com/decimal.js-light/-/decimal.js-light-2.5.1.tgz. Extracting by manifest.
1150 silly tarball no local data for @types/d3-time@https://registry.npmmirror.com/@types/d3-time/-/d3-time-3.0.4.tgz. Extracting by manifest.
1151 silly tarball no local data for dom-helpers@https://registry.npmmirror.com/dom-helpers/-/dom-helpers-5.2.1.tgz. Extracting by manifest.
1152 silly tarball no local data for react-transition-group@https://registry.npmmirror.com/react-transition-group/-/react-transition-group-4.4.5.tgz. Extracting by manifest.
1153 silly tarball no local data for object-assign@https://registry.npmmirror.com/object-assign/-/object-assign-4.1.1.tgz. Extracting by manifest.
1154 silly tarball no local data for @babel/runtime@https://registry.npmmirror.com/@babel/runtime/-/runtime-7.29.7.tgz. Extracting by manifest.
1155 silly tarball no local data for prop-types@https://registry.npmmirror.com/prop-types/-/prop-types-15.8.1.tgz. Extracting by manifest.
1156 silly tarball no local data for fast-equals@https://registry.npmmirror.com/fast-equals/-/fast-equals-5.4.1.tgz. Extracting by manifest.
1157 silly tarball no local data for victory-vendor@https://registry.npmmirror.com/victory-vendor/-/victory-vendor-36.9.2.tgz. Extracting by manifest.
1158 silly tarball no local data for tiny-invariant@https://registry.npmmirror.com/tiny-invariant/-/tiny-invariant-1.3.3.tgz. Extracting by manifest.
1159 silly tarball no local data for d3-ease@https://registry.npmmirror.com/d3-ease/-/d3-ease-3.0.1.tgz. Extracting by manifest.
1160 silly tarball no local data for recharts-scale@https://registry.npmmirror.com/recharts-scale/-/recharts-scale-0.4.5.tgz. Extracting by manifest.
1161 silly tarball no local data for react-is@https://registry.npmmirror.com/react-is/-/react-is-18.3.1.tgz. Extracting by manifest.
1162 silly tarball no local data for react-smooth@https://registry.npmmirror.com/react-smooth/-/react-smooth-4.0.4.tgz. Extracting by manifest.
1163 silly tarball no local data for lodash@https://registry.npmmirror.com/lodash/-/lodash-4.18.1.tgz. Extracting by manifest.
1164 silly tarball no local data for clsx@https://registry.npmmirror.com/clsx/-/clsx-2.1.1.tgz. Extracting by manifest.
1165 silly tarball no local data for scheduler@https://registry.npmmirror.com/scheduler/-/scheduler-0.23.2.tgz. Extracting by manifest.
1166 silly tarball no local data for eventemitter3@https://registry.npmmirror.com/eventemitter3/-/eventemitter3-4.0.7.tgz. Extracting by manifest.
1167 silly tarball no local data for loose-envify@https://registry.npmmirror.com/loose-envify/-/loose-envify-1.4.0.tgz. Extracting by manifest.
1168 silly tarball no local data for agent-base@https://registry.npmmirror.com/agent-base/-/agent-base-6.0.2.tgz. Extracting by manifest.
1169 silly tarball no local data for mime-db@https://registry.npmmirror.com/mime-db/-/mime-db-1.52.0.tgz. Extracting by manifest.
1170 silly tarball no local data for yallist@https://registry.npmmirror.com/yallist/-/yallist-3.1.1.tgz. Extracting by manifest.
1171 silly tarball no local data for dunder-proto@https://registry.npmmirror.com/dunder-proto/-/dunder-proto-1.0.1.tgz. Extracting by manifest.
1172 silly tarball no local data for math-intrinsics@https://registry.npmmirror.com/math-intrinsics/-/math-intrinsics-1.1.0.tgz. Extracting by manifest.
1173 silly tarball no local data for has-symbols@https://registry.npmmirror.com/has-symbols/-/has-symbols-1.1.0.tgz. Extracting by manifest.
1174 silly tarball no local data for gopd@https://registry.npmmirror.com/gopd/-/gopd-1.2.0.tgz. Extracting by manifest.
1175 silly tarball no local data for get-proto@https://registry.npmmirror.com/get-proto/-/get-proto-1.0.1.tgz. Extracting by manifest.
1176 silly tarball no local data for function-bind@https://registry.npmmirror.com/function-bind/-/function-bind-1.1.2.tgz. Extracting by manifest.
1177 silly tarball no local data for es-object-atoms@https://registry.npmmirror.com/es-object-atoms/-/es-object-atoms-1.1.2.tgz. Extracting by manifest.
1178 silly tarball no local data for es-define-property@https://registry.npmmirror.com/es-define-property/-/es-define-property-1.0.1.tgz. Extracting by manifest.
1179 silly tarball no local data for has-tostringtag@https://registry.npmmirror.com/has-tostringtag/-/has-tostringtag-1.0.2.tgz. Extracting by manifest.
1180 silly tarball no local data for call-bind-apply-helpers@https://registry.npmmirror.com/call-bind-apply-helpers/-/call-bind-apply-helpers-1.0.2.tgz. Extracting by manifest.
1181 silly tarball no local data for get-intrinsic@https://registry.npmmirror.com/get-intrinsic/-/get-intrinsic-1.3.0.tgz. Extracting by manifest.
1182 silly tarball no local data for es-errors@https://registry.npmmirror.com/es-errors/-/es-errors-1.3.0.tgz. Extracting by manifest.
1183 silly tarball no local data for hasown@https://registry.npmmirror.com/hasown/-/hasown-2.0.4.tgz. Extracting by manifest.
1184 silly tarball no local data for mime-types@https://registry.npmmirror.com/mime-types/-/mime-types-2.1.35.tgz. Extracting by manifest.
1185 silly tarball no local data for es-set-tostringtag@https://registry.npmmirror.com/es-set-tostringtag/-/es-set-tostringtag-2.1.0.tgz. Extracting by manifest.
1186 silly tarball no local data for combined-stream@https://registry.npmmirror.com/combined-stream/-/combined-stream-1.0.8.tgz. Extracting by manifest.
1187 silly tarball no local data for asynckit@https://registry.npmmirror.com/asynckit/-/asynckit-0.4.0.tgz. Extracting by manifest.
1188 silly tarball no local data for ms@https://registry.npmmirror.com/ms/-/ms-2.1.3.tgz. Extracting by manifest.
1189 silly tarball no local data for update-browserslist-db@https://registry.npmmirror.com/update-browserslist-db/-/update-browserslist-db-1.3.1.tgz. Extracting by manifest.
1190 silly tarball no local data for node-releases@https://registry.npmmirror.com/node-releases/-/node-releases-2.0.53.tgz. Extracting by manifest.
1191 silly tarball no local data for electron-to-chromium@https://registry.npmmirror.com/electron-to-chromium/-/electron-to-chromium-1.5.405.tgz. Extracting by manifest.
1192 silly tarball no local data for caniuse-lite@https://registry.npmmirror.com/caniuse-lite/-/caniuse-lite-1.0.30001809.tgz. Extracting by manifest.
1193 silly tarball no local data for delayed-stream@https://registry.npmmirror.com/delayed-stream/-/delayed-stream-1.0.0.tgz. Extracting by manifest.
1194 silly tarball no local data for baseline-browser-mapping@https://registry.npmmirror.com/baseline-browser-mapping/-/baseline-browser-mapping-2.11.13.tgz. Extracting by manifest.
1195 silly tarball no local data for https-proxy-agent@https://registry.npmmirror.com/https-proxy-agent/-/https-proxy-agent-5.0.1.tgz. Extracting by manifest.
1196 silly tarball no local data for proxy-from-env@https://registry.npmmirror.com/proxy-from-env/-/proxy-from-env-2.1.0.tgz. Extracting by manifest.
1197 silly tarball no local data for follow-redirects@https://registry.npmmirror.com/follow-redirects/-/follow-redirects-1.16.0.tgz. Extracting by manifest.
1198 silly tarball no local data for @types/babel__traverse@https://registry.npmmirror.com/@types/babel__traverse/-/babel__traverse-7.28.0.tgz. Extracting by manifest.
1199 silly tarball no local data for @types/babel__template@https://registry.npmmirror.com/@types/babel__template/-/babel__template-7.4.4.tgz. Extracting by manifest.
1200 silly tarball no local data for form-data@https://registry.npmmirror.com/form-data/-/form-data-4.0.6.tgz. Extracting by manifest.
1201 silly tarball no local data for @types/babel__generator@https://registry.npmmirror.com/@types/babel__generator/-/babel__generator-7.27.0.tgz. Extracting by manifest.
1202 silly tarball no local data for @jridgewell/resolve-uri@https://registry.npmmirror.com/@jridgewell/resolve-uri/-/resolve-uri-3.1.2.tgz. Extracting by manifest.
1203 silly tarball no local data for @babel/helper-string-parser@https://registry.npmmirror.com/@babel/helper-string-parser/-/helper-string-parser-7.29.7.tgz. Extracting by manifest.
1204 silly tarball no local data for @jridgewell/sourcemap-codec@https://registry.npmmirror.com/@jridgewell/sourcemap-codec/-/sourcemap-codec-1.5.5.tgz. Extracting by manifest.
1205 silly tarball no local data for @babel/helper-globals@https://registry.npmmirror.com/@babel/helper-globals/-/helper-globals-7.29.7.tgz. Extracting by manifest.
1206 silly tarball no local data for @babel/helper-module-imports@https://registry.npmmirror.com/@babel/helper-module-imports/-/helper-module-imports-7.29.7.tgz. Extracting by manifest.
1207 silly tarball no local data for lru-cache@https://registry.npmmirror.com/lru-cache/-/lru-cache-5.1.1.tgz. Extracting by manifest.
1208 silly tarball no local data for @babel/helper-plugin-utils@https://registry.npmmirror.com/@babel/helper-plugin-utils/-/helper-plugin-utils-7.29.7.tgz. Extracting by manifest.
1209 silly tarball no local data for @babel/helper-validator-option@https://registry.npmmirror.com/@babel/helper-validator-option/-/helper-validator-option-7.29.7.tgz. Extracting by manifest.
1210 silly tarball no local data for browserslist@https://registry.npmmirror.com/browserslist/-/browserslist-4.28.8.tgz. Extracting by manifest.
1211 silly tarball no local data for jsesc@https://registry.npmmirror.com/jsesc/-/jsesc-3.1.0.tgz. Extracting by manifest.
1212 silly tarball no local data for @babel/compat-data@https://registry.npmmirror.com/@babel/compat-data/-/compat-data-7.29.7.tgz. Extracting by manifest.
1213 silly tarball no local data for @jridgewell/trace-mapping@https://registry.npmmirror.com/@jridgewell/trace-mapping/-/trace-mapping-0.3.31.tgz. Extracting by manifest.
1214 silly tarball no local data for @jridgewell/gen-mapping@https://registry.npmmirror.com/@jridgewell/gen-mapping/-/gen-mapping-0.3.13.tgz. Extracting by manifest.
1215 silly tarball no local data for picocolors@https://registry.npmmirror.com/picocolors/-/picocolors-1.1.1.tgz. Extracting by manifest.
1216 silly tarball no local data for js-tokens@https://registry.npmmirror.com/js-tokens/-/js-tokens-4.0.0.tgz. Extracting by manifest.
1217 silly tarball no local data for @babel/helper-validator-identifier@https://registry.npmmirror.com/@babel/helper-validator-identifier/-/helper-validator-identifier-7.29.7.tgz. Extracting by manifest.
1218 silly tarball no local data for semver@https://registry.npmmirror.com/semver/-/semver-6.3.1.tgz. Extracting by manifest.
1219 silly tarball no local data for json5@https://registry.npmmirror.com/json5/-/json5-2.2.3.tgz. Extracting by manifest.
1220 silly tarball no local data for gensync@https://registry.npmmirror.com/gensync/-/gensync-1.0.0-beta.2.tgz. Extracting by manifest.
1221 silly tarball no local data for convert-source-map@https://registry.npmmirror.com/convert-source-map/-/convert-source-map-2.0.0.tgz. Extracting by manifest.
1222 silly tarball no local data for debug@https://registry.npmmirror.com/debug/-/debug-4.4.3.tgz. Extracting by manifest.
1223 silly tarball no local data for @jridgewell/remapping@https://registry.npmmirror.com/@jridgewell/remapping/-/remapping-2.3.5.tgz. Extracting by manifest.
1224 silly tarball no local data for @babel/traverse@https://registry.npmmirror.com/@babel/traverse/-/traverse-7.29.8.tgz. Extracting by manifest.
1225 silly tarball no local data for @babel/template@https://registry.npmmirror.com/@babel/template/-/template-7.29.7.tgz. Extracting by manifest.
1226 silly tarball no local data for @babel/helpers@https://registry.npmmirror.com/@babel/helpers/-/helpers-7.29.7.tgz. Extracting by manifest.
1227 silly tarball no local data for @babel/types@https://registry.npmmirror.com/@babel/types/-/types-7.29.8.tgz. Extracting by manifest.
1228 silly tarball no local data for @babel/parser@https://registry.npmmirror.com/@babel/parser/-/parser-7.29.8.tgz. Extracting by manifest.
1229 silly tarball no local data for @babel/helper-module-transforms@https://registry.npmmirror.com/@babel/helper-module-transforms/-/helper-module-transforms-7.29.7.tgz. Extracting by manifest.
1230 silly tarball no local data for @babel/helper-compilation-targets@https://registry.npmmirror.com/@babel/helper-compilation-targets/-/helper-compilation-targets-7.29.7.tgz. Extracting by manifest.
1231 silly tarball no local data for @babel/generator@https://registry.npmmirror.com/@babel/generator/-/generator-7.29.8.tgz. Extracting by manifest.
1232 silly tarball no local data for react-refresh@https://registry.npmmirror.com/react-refresh/-/react-refresh-0.17.0.tgz. Extracting by manifest.
1233 silly tarball no local data for @types/babel__core@https://registry.npmmirror.com/@types/babel__core/-/babel__core-7.20.5.tgz. Extracting by manifest.
1234 silly tarball no local data for @babel/code-frame@https://registry.npmmirror.com/@babel/code-frame/-/code-frame-7.29.7.tgz. Extracting by manifest.
1235 silly tarball no local data for @rolldown/pluginutils@https://registry.npmmirror.com/@rolldown/pluginutils/-/pluginutils-1.0.0-beta.27.tgz. Extracting by manifest.
1236 silly tarball no local data for @babel/plugin-transform-react-jsx-self@https://registry.npmmirror.com/@babel/plugin-transform-react-jsx-self/-/plugin-transform-react-jsx-self-7.29.7.tgz. Extracting by manifest.
1237 silly tarball no local data for @babel/core@https://registry.npmmirror.com/@babel/core/-/core-7.29.7.tgz. Extracting by manifest.
1238 silly tarball no local data for csstype@https://registry.npmmirror.com/csstype/-/csstype-3.2.3.tgz. Extracting by manifest.
1239 silly tarball no local data for @types/prop-types@https://registry.npmmirror.com/@types/prop-types/-/prop-types-15.7.15.tgz. Extracting by manifest.
1240 silly tarball no local data for typescript@https://registry.npmmirror.com/typescript/-/typescript-5.9.3.tgz. Extracting by manifest.
1241 silly tarball no local data for react-dom@https://registry.npmmirror.com/react-dom/-/react-dom-18.3.1.tgz. Extracting by manifest.
1242 silly tarball no local data for @babel/plugin-transform-react-jsx-source@https://registry.npmmirror.com/@babel/plugin-transform-react-jsx-source/-/plugin-transform-react-jsx-source-7.29.7.tgz. Extracting by manifest.
1243 silly tarball no local data for recharts@https://registry.npmmirror.com/recharts/-/recharts-2.15.4.tgz. Extracting by manifest.
1244 silly tarball no local data for react@https://registry.npmmirror.com/react/-/react-18.3.1.tgz. Extracting by manifest.
1245 silly tarball no local data for vite@https://registry.npmmirror.com/vite/-/vite-5.4.21.tgz. Extracting by manifest.
1246 silly tarball no local data for axios@https://registry.npmmirror.com/axios/-/axios-1.19.0.tgz. Extracting by manifest.
1247 silly tarball no local data for @vitejs/plugin-react@https://registry.npmmirror.com/@vitejs/plugin-react/-/plugin-react-4.7.0.tgz. Extracting by manifest.
1248 silly tarball no local data for @types/react-dom@https://registry.npmmirror.com/@types/react-dom/-/react-dom-18.3.7.tgz. Extracting by manifest.
1249 silly tarball no local data for @types/react@https://registry.npmmirror.com/@types/react/-/react-18.3.31.tgz. Extracting by manifest.
1250 silly tarball no local data for react-is@https://registry.npmmirror.com/react-is/-/react-is-16.13.1.tgz. Extracting by manifest.
1251 http fetch POST 404 https://registry.npmmirror.com/-/npm/v1/security/advisories/bulk 108ms
1252 silly audit bulk request failed [object Object]
1253 http fetch GET 200 https://cdn.npmmirror.com/packages/%40types/d3-color/3.1.3/d3-color-3.1.3.tgz 315ms (cache miss)
1254 http fetch GET 200 https://cdn.npmmirror.com/packages/d3-path/3.1.0/d3-path-3.1.0.tgz 317ms (cache miss)
1255 http fetch GET 200 https://cdn.npmmirror.com/packages/%40types/d3-path/3.1.1/d3-path-3.1.1.tgz 323ms (cache miss)
1256 http fetch GET 200 https://cdn.npmmirror.com/packages/nanoid/3.3.18/nanoid-3.3.18.tgz 343ms (cache miss)
1257 http fetch GET 200 https://cdn.npmmirror.com/packages/internmap/2.0.3/internmap-2.0.3.tgz 348ms (cache miss)
1258 http fetch GET 200 https://cdn.npmmirror.com/packages/d3-color/3.1.0/d3-color-3.1.0.tgz 360ms (cache miss)
1259 http fetch GET 200 https://cdn.npmmirror.com/packages/d3-time-format/4.1.0/d3-time-format-4.1.0.tgz 364ms (cache miss)
1260 http fetch GET 200 https://cdn.npmmirror.com/packages/%40types/estree/1.0.9/estree-1.0.9.tgz 420ms (cache miss)
1261 http fetch GET 200 https://cdn.npmmirror.com/packages/esbuild/0.21.5/esbuild-0.21.5.tgz 417ms (cache miss)
1262 http fetch GET 200 https://cdn.npmmirror.com/packages/d3-timer/3.0.1/d3-timer-3.0.1.tgz 430ms (cache miss)
1263 http fetch GET 200 https://cdn.npmmirror.com/packages/d3-format/3.1.2/d3-format-3.1.2.tgz 435ms (cache miss)
1264 http fetch GET 200 https://cdn.npmmirror.com/packages/%40types/d3-timer/3.0.2/d3-timer-3.0.2.tgz 435ms (cache miss)
1265 http fetch GET 200 https://cdn.npmmirror.com/packages/%40types/d3-ease/3.0.2/d3-ease-3.0.2.tgz 435ms (cache miss)
1266 http fetch GET 200 https://cdn.npmmirror.com/packages/%40types/d3-shape/3.1.8/d3-shape-3.1.8.tgz 437ms (cache miss)
1267 http fetch GET 200 https://cdn.npmmirror.com/packages/d3-time/3.1.0/d3-time-3.1.0.tgz 444ms (cache miss)
1268 http fetch GET 200 https://cdn.npmmirror.com/packages/source-map-js/1.2.1/source-map-js-1.2.1.tgz 451ms (cache miss)
1269 http fetch GET 200 https://cdn.npmmirror.com/packages/escalade/3.2.0/escalade-3.2.0.tgz 450ms (cache miss)
1270 http fetch GET 200 https://cdn.npmmirror.com/packages/d3-scale/4.0.2/d3-scale-4.0.2.tgz 472ms (cache miss)
1271 http fetch GET 200 https://cdn.npmmirror.com/packages/object-assign/4.1.1/object-assign-4.1.1.tgz 470ms (cache miss)
1272 http fetch GET 200 https://cdn.npmmirror.com/packages/d3-interpolate/3.0.1/d3-interpolate-3.0.1.tgz 476ms (cache miss)
1273 http fetch GET 200 https://cdn.npmmirror.com/packages/postcss/8.5.26/postcss-8.5.26.tgz 496ms (cache miss)
1274 http fetch GET 200 https://cdn.npmmirror.com/packages/d3-shape/3.2.0/d3-shape-3.2.0.tgz 506ms (cache miss)
1275 http fetch GET 200 https://cdn.npmmirror.com/packages/d3-array/3.2.4/d3-array-3.2.4.tgz 512ms (cache miss)
1276 http fetch GET 200 https://cdn.npmmirror.com/packages/d3-ease/3.0.1/d3-ease-3.0.1.tgz 525ms (cache miss)
1277 http fetch GET 200 https://cdn.npmmirror.com/packages/%40types/d3-interpolate/3.0.4/d3-interpolate-3.0.4.tgz 532ms (cache miss)
1278 http fetch GET 200 https://cdn.npmmirror.com/packages/%40types/d3-scale/4.0.9/d3-scale-4.0.9.tgz 542ms (cache miss)
1279 http fetch GET 200 https://cdn.npmmirror.com/packages/tiny-invariant/1.3.3/tiny-invariant-1.3.3.tgz 550ms (cache miss)
1280 http fetch GET 200 https://cdn.npmmirror.com/packages/decimal.js-light/2.5.1/decimal.js-light-2.5.1.tgz 565ms (cache miss)
1281 http fetch GET 200 https://cdn.npmmirror.com/packages/%40types/d3-array/3.2.2/d3-array-3.2.2.tgz 570ms (cache miss)
1282 http fetch GET 200 https://cdn.npmmirror.com/packages/fast-equals/5.4.1/fast-equals-5.4.1.tgz 570ms (cache miss)
1283 http fetch GET 200 https://cdn.npmmirror.com/packages/recharts-scale/0.4.5/recharts-scale-0.4.5.tgz 579ms (cache miss)
1284 http fetch GET 200 https://cdn.npmmirror.com/packages/react-transition-group/4.4.5/react-transition-group-4.4.5.tgz 584ms (cache miss)
1285 http fetch GET 200 https://cdn.npmmirror.com/packages/loose-envify/1.4.0/loose-envify-1.4.0.tgz 644ms (cache miss)
1286 http fetch GET 200 https://cdn.npmmirror.com/packages/eventemitter3/4.0.7/eventemitter3-4.0.7.tgz 645ms (cache miss)
1287 http fetch GET 200 https://cdn.npmmirror.com/packages/mime-db/1.52.0/mime-db-1.52.0.tgz 652ms (cache miss)
1288 http fetch GET 200 https://cdn.npmmirror.com/packages/%40types/d3-time/3.0.4/d3-time-3.0.4.tgz 662ms (cache miss)
1289 http fetch GET 200 https://cdn.npmmirror.com/packages/agent-base/6.0.2/agent-base-6.0.2.tgz 663ms (cache miss)
1290 http fetch GET 200 https://cdn.npmmirror.com/packages/clsx/2.1.1/clsx-2.1.1.tgz 666ms (cache miss)
1291 http fetch GET 200 https://cdn.npmmirror.com/packages/react-is/18.3.1/react-is-18.3.1.tgz 691ms (cache miss)
1292 http fetch GET 200 https://cdn.npmmirror.com/packages/gopd/1.2.0/gopd-1.2.0.tgz 689ms (cache miss)
1293 http fetch GET 200 https://cdn.npmmirror.com/packages/yallist/3.1.1/yallist-3.1.1.tgz 693ms (cache miss)
1294 http fetch GET 200 https://cdn.npmmirror.com/packages/prop-types/15.8.1/prop-types-15.8.1.tgz 701ms (cache miss)
1295 http fetch GET 200 https://cdn.npmmirror.com/packages/%40babel/runtime/7.29.7/runtime-7.29.7.tgz 711ms (cache miss)
1296 http fetch GET 200 https://cdn.npmmirror.com/packages/get-proto/1.0.1/get-proto-1.0.1.tgz 704ms (cache miss)
1297 http fetch GET 200 https://cdn.npmmirror.com/packages/scheduler/0.23.2/scheduler-0.23.2.tgz 708ms (cache miss)
1298 http fetch GET 200 https://cdn.npmmirror.com/packages/dunder-proto/1.0.1/dunder-proto-1.0.1.tgz 720ms (cache miss)
1299 http fetch GET 200 https://cdn.npmmirror.com/packages/es-object-atoms/1.1.2/es-object-atoms-1.1.2.tgz 725ms (cache miss)
1300 http fetch GET 200 https://cdn.npmmirror.com/packages/math-intrinsics/1.1.0/math-intrinsics-1.1.0.tgz 734ms (cache miss)
1301 http fetch GET 200 https://cdn.npmmirror.com/packages/function-bind/1.1.2/function-bind-1.1.2.tgz 738ms (cache miss)
1302 http fetch GET 200 https://cdn.npmmirror.com/packages/dom-helpers/5.2.1/dom-helpers-5.2.1.tgz 752ms (cache miss)
1303 http fetch GET 200 https://cdn.npmmirror.com/packages/hasown/2.0.4/hasown-2.0.4.tgz 753ms (cache miss)
1304 http fetch GET 200 https://cdn.npmmirror.com/packages/es-define-property/1.0.1/es-define-property-1.0.1.tgz 762ms (cache miss)
1305 http fetch GET 200 https://cdn.npmmirror.com/packages/mime-types/2.1.35/mime-types-2.1.35.tgz 770ms (cache miss)
1306 http fetch GET 200 https://cdn.npmmirror.com/packages/es-errors/1.3.0/es-errors-1.3.0.tgz 772ms (cache miss)
1307 http fetch GET 200 https://cdn.npmmirror.com/packages/asynckit/0.4.0/asynckit-0.4.0.tgz 777ms (cache miss)
1308 http fetch GET 200 https://cdn.npmmirror.com/packages/get-intrinsic/1.3.0/get-intrinsic-1.3.0.tgz 787ms (cache miss)
1309 http fetch GET 200 https://cdn.npmmirror.com/packages/ms/2.1.3/ms-2.1.3.tgz 784ms (cache miss)
1310 http fetch GET 200 https://cdn.npmmirror.com/packages/react-smooth/4.0.4/react-smooth-4.0.4.tgz 796ms (cache miss)
1311 http fetch GET 200 https://cdn.npmmirror.com/packages/node-releases/2.0.53/node-releases-2.0.53.tgz 788ms (cache miss)
1312 http fetch GET 200 https://cdn.npmmirror.com/packages/combined-stream/1.0.8/combined-stream-1.0.8.tgz 815ms (cache miss)
1313 http fetch GET 200 https://cdn.npmmirror.com/packages/victory-vendor/36.9.2/victory-vendor-36.9.2.tgz 831ms (cache miss)
1314 http fetch GET 200 https://cdn.npmmirror.com/packages/update-browserslist-db/1.3.1/update-browserslist-db-1.3.1.tgz 830ms (cache miss)
1315 http fetch GET 200 https://cdn.npmmirror.com/packages/call-bind-apply-helpers/1.0.2/call-bind-apply-helpers-1.0.2.tgz 852ms (cache miss)
1316 http fetch GET 200 https://cdn.npmmirror.com/packages/follow-redirects/1.16.0/follow-redirects-1.16.0.tgz 843ms (cache miss)
1317 http fetch GET 200 https://cdn.npmmirror.com/packages/has-tostringtag/1.0.2/has-tostringtag-1.0.2.tgz 853ms (cache miss)
1318 http fetch GET 200 https://cdn.npmmirror.com/packages/%40types/babel__traverse/7.28.0/babel__traverse-7.28.0.tgz 844ms (cache miss)
1319 http fetch GET 200 https://cdn.npmmirror.com/packages/has-symbols/1.1.0/has-symbols-1.1.0.tgz 861ms (cache miss)
1320 http fetch GET 200 https://cdn.npmmirror.com/packages/delayed-stream/1.0.0/delayed-stream-1.0.0.tgz 858ms (cache miss)
1321 http fetch GET 200 https://cdn.npmmirror.com/packages/es-set-tostringtag/2.1.0/es-set-tostringtag-2.1.0.tgz 865ms (cache miss)
1322 http fetch GET 200 https://cdn.npmmirror.com/packages/%40types/babel__template/7.4.4/babel__template-7.4.4.tgz 870ms (cache miss)
1323 http fetch GET 200 https://cdn.npmmirror.com/packages/%40types/babel__generator/7.27.0/babel__generator-7.27.0.tgz 869ms (cache miss)
1324 http fetch GET 200 https://cdn.npmmirror.com/packages/proxy-from-env/2.1.0/proxy-from-env-2.1.0.tgz 871ms (cache miss)
1325 http fetch GET 200 https://cdn.npmmirror.com/packages/%40babel/helper-string-parser/7.29.7/helper-string-parser-7.29.7.tgz 871ms (cache miss)
1326 http fetch GET 200 https://cdn.npmmirror.com/packages/%40jridgewell/resolve-uri/3.1.2/resolve-uri-3.1.2.tgz 874ms (cache miss)
1327 http fetch GET 200 https://cdn.npmmirror.com/packages/baseline-browser-mapping/2.11.13/baseline-browser-mapping-2.11.13.tgz 892ms (cache miss)
1328 http fetch GET 200 https://cdn.npmmirror.com/packages/electron-to-chromium/1.5.405/electron-to-chromium-1.5.405.tgz 908ms (cache miss)
1329 http fetch GET 200 https://cdn.npmmirror.com/packages/%40babel/helper-validator-option/7.29.7/helper-validator-option-7.29.7.tgz 916ms (cache miss)
1330 http fetch GET 200 https://cdn.npmmirror.com/packages/https-proxy-agent/5.0.1/https-proxy-agent-5.0.1.tgz 940ms (cache miss)
1331 http fetch GET 200 https://cdn.npmmirror.com/packages/%40babel/helper-globals/7.29.7/helper-globals-7.29.7.tgz 939ms (cache miss)
1332 http fetch GET 200 https://cdn.npmmirror.com/packages/%40babel/helper-module-imports/7.29.7/helper-module-imports-7.29.7.tgz 944ms (cache miss)
1333 http fetch GET 200 https://cdn.npmmirror.com/packages/%40jridgewell/sourcemap-codec/1.5.5/sourcemap-codec-1.5.5.tgz 951ms (cache miss)
1334 http fetch GET 200 https://cdn.npmmirror.com/packages/%40babel/helper-plugin-utils/7.29.7/helper-plugin-utils-7.29.7.tgz 954ms (cache miss)
1335 http fetch GET 200 https://cdn.npmmirror.com/packages/form-data/4.0.6/form-data-4.0.6.tgz 965ms (cache miss)
1336 http fetch GET 200 https://cdn.npmmirror.com/packages/jsesc/3.1.0/jsesc-3.1.0.tgz 962ms (cache miss)
1337 http fetch GET 200 https://cdn.npmmirror.com/packages/rollup/4.62.4/rollup-4.62.4.tgz 1037ms (cache miss)
1338 http fetch POST 404 https://registry.npmmirror.com/-/npm/v1/security/audits/quick 937ms
1339 verbose audit error HttpErrorGeneral: 404 Not Found - POST https://registry.npmmirror.com/-/npm/v1/security/audits/quick - [NOT_IMPLEMENTED] /-/npm/v1/security/* not implemented yet
1339 verbose audit error     at D:\node\node_modules\npm\node_modules\npm-registry-fetch\lib\check-response.js:95:15
1339 verbose audit error     at process.processTicksAndRejections (node:internal/process/task_queues:95:5)
1339 verbose audit error     at async [getReport] (D:\node\node_modules\npm\node_modules\@npmcli\arborist\lib\audit-report.js:336:21)
1339 verbose audit error     at async AuditReport.run (D:\node\node_modules\npm\node_modules\@npmcli\arborist\lib\audit-report.js:106:19) {
1339 verbose audit error   headers: [Object: null prototype] {
1339 verbose audit error     server: [ 'Tengine' ],
1339 verbose audit error     date: [ 'Wed, 12 Aug 2026 18:06:02 GMT' ],
1339 verbose audit error     'content-type': [ 'application/json' ],
1339 verbose audit error     'transfer-encoding': [ 'chunked' ],
1339 verbose audit error     connection: [ 'keep-alive' ],
1339 verbose audit error     'strict-transport-security': [ 'max-age=5184000' ],
1339 verbose audit error     via: [ 'kunlun7.cn9543[,404666]' ],
1339 verbose audit error     'timing-allow-origin': [ '*' ],
1339 verbose audit error     eagleid: [ '701dd01b17865579625391101e' ],
1339 verbose audit error     'x-fetch-attempts': [ '1' ]
1339 verbose audit error   },
1339 verbose audit error   statusCode: 404,
1339 verbose audit error   code: 'E404',
1339 verbose audit error   method: 'POST',
1339 verbose audit error   uri: 'https://registry.npmmirror.com/-/npm/v1/security/audits/quick',
1339 verbose audit error   body: {
1339 verbose audit error     error: '[NOT_IMPLEMENTED] /-/npm/v1/security/* not implemented yet'
1339 verbose audit error   },
1339 verbose audit error   pkgid: undefined
1339 verbose audit error }
1340 silly audit error [object Object]
1341 silly audit report null
1342 http fetch GET 200 https://cdn.npmmirror.com/packages/%40babel/compat-data/7.29.7/compat-data-7.29.7.tgz 1020ms (cache miss)
1343 http fetch GET 200 https://cdn.npmmirror.com/packages/browserslist/4.28.8/browserslist-4.28.8.tgz 1025ms (cache miss)
1344 http fetch GET 200 https://cdn.npmmirror.com/packages/js-tokens/4.0.0/js-tokens-4.0.0.tgz 1038ms (cache miss)
1345 http fetch GET 200 https://cdn.npmmirror.com/packages/lru-cache/5.1.1/lru-cache-5.1.1.tgz 1042ms (cache miss)
1346 http fetch GET 200 https://cdn.npmmirror.com/packages/%40jridgewell/gen-mapping/0.3.13/gen-mapping-0.3.13.tgz 1045ms (cache miss)
1347 http fetch GET 200 https://cdn.npmmirror.com/packages/picocolors/1.1.1/picocolors-1.1.1.tgz 1050ms (cache miss)
1348 http fetch GET 200 https://cdn.npmmirror.com/packages/%40babel/helper-validator-identifier/7.29.7/helper-validator-identifier-7.29.7.tgz 1052ms (cache miss)
1349 http fetch GET 200 https://cdn.npmmirror.com/packages/semver/6.3.1/semver-6.3.1.tgz 1053ms (cache miss)
1350 http fetch GET 200 https://cdn.npmmirror.com/packages/json5/2.2.3/json5-2.2.3.tgz 1057ms (cache miss)
1351 http fetch GET 200 https://cdn.npmmirror.com/packages/convert-source-map/2.0.0/convert-source-map-2.0.0.tgz 1066ms (cache miss)
1352 http fetch GET 200 https://cdn.npmmirror.com/packages/gensync/1.0.0-beta.2/gensync-1.0.0-beta.2.tgz 1078ms (cache miss)
1353 http fetch GET 200 https://cdn.npmmirror.com/packages/%40jridgewell/trace-mapping/0.3.31/trace-mapping-0.3.31.tgz 1084ms (cache miss)
1354 http fetch GET 200 https://cdn.npmmirror.com/packages/debug/4.4.3/debug-4.4.3.tgz 1115ms (cache miss)
1355 http fetch GET 200 https://cdn.npmmirror.com/packages/%40babel/template/7.29.7/template-7.29.7.tgz 1123ms (cache miss)
1356 http fetch GET 200 https://cdn.npmmirror.com/packages/%40types/babel__core/7.20.5/babel__core-7.20.5.tgz 1121ms (cache miss)
1357 http fetch GET 200 https://cdn.npmmirror.com/packages/%40jridgewell/remapping/2.3.5/remapping-2.3.5.tgz 1128ms (cache miss)
1358 http fetch GET 200 https://cdn.npmmirror.com/packages/%40babel/helper-compilation-targets/7.29.7/helper-compilation-targets-7.29.7.tgz 1134ms (cache miss)
1359 http fetch GET 200 https://cdn.npmmirror.com/packages/%40babel/helper-module-transforms/7.29.7/helper-module-transforms-7.29.7.tgz 1145ms (cache miss)
1360 http fetch GET 200 https://cdn.npmmirror.com/packages/react-refresh/0.17.0/react-refresh-0.17.0.tgz 1151ms (cache miss)
1361 http fetch GET 200 https://cdn.npmmirror.com/packages/%40rolldown/pluginutils/1.0.0-beta.27/pluginutils-1.0.0-beta.27.tgz 1166ms (cache miss)
1362 http fetch GET 200 https://cdn.npmmirror.com/packages/%40babel/code-frame/7.29.7/code-frame-7.29.7.tgz 1205ms (cache miss)
1363 http fetch GET 200 https://cdn.npmmirror.com/packages/%40babel/plugin-transform-react-jsx-source/7.29.7/plugin-transform-react-jsx-source-7.29.7.tgz 1223ms (cache miss)
1364 http fetch GET 200 https://cdn.npmmirror.com/packages/%40babel/generator/7.29.8/generator-7.29.8.tgz 1262ms (cache miss)
1365 http fetch GET 200 https://cdn.npmmirror.com/packages/%40types/prop-types/15.7.15/prop-types-15.7.15.tgz 1283ms (cache miss)
1366 http fetch GET 200 https://cdn.npmmirror.com/packages/lodash/4.18.1/lodash-4.18.1.tgz 1355ms (cache miss)
1367 http fetch GET 200 https://cdn.npmmirror.com/packages/caniuse-lite/1.0.30001809/caniuse-lite-1.0.30001809.tgz 1363ms (cache miss)
1368 http fetch GET 200 https://cdn.npmmirror.com/packages/%40types/react-dom/18.3.7/react-dom-18.3.7.tgz 1347ms (cache miss)
1369 http fetch GET 200 https://cdn.npmmirror.com/packages/react/18.3.1/react-18.3.1.tgz 1435ms (cache miss)
1370 http fetch GET 200 https://cdn.npmmirror.com/packages/%40babel/core/7.29.7/core-7.29.7.tgz 1482ms (cache miss)
1371 http fetch GET 200 https://cdn.npmmirror.com/packages/%40rollup/rollup-win32-x64-msvc/4.62.4/rollup-win32-x64-msvc-4.62.4.tgz 1539ms (cache miss)
1372 http fetch GET 200 https://cdn.npmmirror.com/packages/%40babel/traverse/7.29.8/traverse-7.29.8.tgz 1514ms (cache miss)
1373 http fetch GET 200 https://cdn.npmmirror.com/packages/%40types/react/18.3.31/react-18.3.31.tgz 1548ms (cache miss)
1374 http fetch GET 200 https://cdn.npmmirror.com/packages/%40vitejs/plugin-react/4.7.0/plugin-react-4.7.0.tgz 1563ms (cache miss)
1375 http fetch GET 200 https://cdn.npmmirror.com/packages/%40babel/plugin-transform-react-jsx-self/7.29.7/plugin-transform-react-jsx-self-7.29.7.tgz 1633ms (cache miss)
1376 http fetch GET 200 https://cdn.npmmirror.com/packages/react-is/16.13.1/react-is-16.13.1.tgz 1638ms (cache miss)
1377 http fetch GET 200 https://cdn.npmmirror.com/packages/%40babel/parser/7.29.8/parser-7.29.8.tgz 1720ms (cache miss)
1378 http fetch GET 200 https://cdn.npmmirror.com/packages/%40babel/types/7.29.8/types-7.29.8.tgz 1864ms (cache miss)
1379 http fetch GET 200 https://cdn.npmmirror.com/packages/%40rollup/rollup-win32-x64-gnu/4.62.4/rollup-win32-x64-gnu-4.62.4.tgz 1933ms (cache miss)
1380 http fetch GET 200 https://cdn.npmmirror.com/packages/csstype/3.2.3/csstype-3.2.3.tgz 1929ms (cache miss)
1381 http fetch GET 200 https://cdn.npmmirror.com/packages/%40babel/helpers/7.29.7/helpers-7.29.7.tgz 2010ms (cache miss)
1382 http fetch GET 200 https://cdn.npmmirror.com/packages/axios/1.19.0/axios-1.19.0.tgz 2322ms (cache miss)
1383 http fetch GET 200 https://cdn.npmmirror.com/packages/vite/5.4.21/vite-5.4.21.tgz 2364ms (cache miss)
1384 http fetch GET 200 https://cdn.npmmirror.com/packages/react-dom/18.3.1/react-dom-18.3.1.tgz 2598ms (cache miss)
1385 http fetch GET 200 https://cdn.npmmirror.com/packages/recharts/2.15.4/recharts-2.15.4.tgz 2603ms (cache miss)
1386 http fetch GET 200 https://cdn.npmmirror.com/packages/%40esbuild/win32-x64/0.21.5/win32-x64-0.21.5.tgz 3257ms (cache miss)
1387 http fetch GET 200 https://cdn.npmmirror.com/packages/typescript/5.9.3/typescript-5.9.3.tgz 4128ms (cache miss)
1388 info run esbuild@0.21.5 postinstall node_modules/esbuild node install.js
1389 info run esbuild@0.21.5 postinstall { code: 0, signal: null }
1390 silly ADD node_modules/@types/estree
1391 silly ADD node_modules/@rollup/rollup-win32-x64-msvc
1392 silly ADD node_modules/@rollup/rollup-win32-x64-gnu
1393 silly ADD
1394 silly ADD
1395 silly ADD
1396 silly ADD
1397 silly ADD
1398 silly ADD
1399 silly ADD
1400 silly ADD
1401 silly ADD
1402 silly ADD
1403 silly ADD
1404 silly ADD
1405 silly ADD
1406 silly ADD
1407 silly ADD
1408 silly ADD
1409 silly ADD
1410 silly ADD
1411 silly ADD
1412 silly ADD
1413 silly ADD
1414 silly ADD
1415 silly ADD
1416 silly ADD
1417 silly ADD node_modules/source-map-js
1418 silly ADD node_modules/nanoid
1419 silly ADD node_modules/@esbuild/win32-x64
1420 silly ADD
1421 silly ADD
1422 silly ADD
1423 silly ADD
1424 silly ADD
1425 silly ADD
1426 silly ADD
1427 silly ADD
1428 silly ADD
1429 silly ADD
1430 silly ADD
1431 silly ADD
1432 silly ADD
1433 silly ADD
1434 silly ADD
1435 silly ADD
1436 silly ADD
1437 silly ADD
1438 silly ADD
1439 silly ADD
1440 silly ADD
1441 silly ADD
1442 silly ADD node_modules/rollup
1443 silly ADD node_modules/postcss
1444 silly ADD
1445 silly ADD node_modules/esbuild
1446 silly ADD node_modules/d3-path
1447 silly ADD node_modules/d3-time-format
1448 silly ADD node_modules/d3-format
1449 silly ADD node_modules/d3-color
1450 silly ADD node_modules/internmap
1451 silly ADD node_modules/@types/d3-path
1452 silly ADD node_modules/@types/d3-color
1453 silly ADD node_modules/d3-timer
1454 silly ADD node_modules/d3-time
1455 silly ADD node_modules/d3-shape
1456 silly ADD node_modules/d3-scale
1457 silly ADD node_modules/d3-interpolate
1458 silly ADD node_modules/d3-ease
1459 silly ADD node_modules/d3-array
1460 silly ADD node_modules/@types/d3-timer
1461 silly ADD node_modules/@types/d3-time
1462 silly ADD node_modules/@types/d3-shape
1463 silly ADD node_modules/@types/d3-scale
1464 silly ADD node_modules/@types/d3-interpolate
1465 silly ADD node_modules/@types/d3-ease
1466 silly ADD node_modules/@types/d3-array
1467 silly ADD node_modules/escalade
1468 silly ADD node_modules/decimal.js-light
1469 silly ADD node_modules/dom-helpers
1470 silly ADD node_modules/@babel/runtime
1471 silly ADD node_modules/object-assign
1472 silly ADD node_modules/react-transition-group
1473 silly ADD node_modules/prop-types
1474 silly ADD node_modules/prop-types/node_modules/react-is
1475 silly ADD node_modules/fast-equals
1476 silly ADD node_modules/victory-vendor
1477 silly ADD node_modules/tiny-invariant
1478 silly ADD node_modules/recharts-scale
1479 silly ADD node_modules/react-smooth
1480 silly ADD node_modules/react-is
1481 silly ADD node_modules/lodash
1482 silly ADD node_modules/eventemitter3
1483 silly ADD node_modules/clsx
1484 silly ADD node_modules/scheduler
1485 silly ADD node_modules/loose-envify
1486 silly ADD node_modules/mime-db
1487 silly ADD node_modules/yallist
1488 silly ADD node_modules/agent-base
1489 silly ADD node_modules/dunder-proto
1490 silly ADD node_modules/math-intrinsics
1491 silly ADD node_modules/has-symbols
1492 silly ADD node_modules/gopd
1493 silly ADD node_modules/get-proto
1494 silly ADD node_modules/function-bind
1495 silly ADD node_modules/es-object-atoms
1496 silly ADD node_modules/es-define-property
1497 silly ADD node_modules/call-bind-apply-helpers
1498 silly ADD node_modules/has-tostringtag
1499 silly ADD node_modules/get-intrinsic
1500 silly ADD node_modules/es-errors
1501 silly ADD node_modules/delayed-stream
1502 silly ADD node_modules/mime-types
1503 silly ADD node_modules/hasown
1504 silly ADD node_modules/es-set-tostringtag
1505 silly ADD node_modules/combined-stream
1506 silly ADD node_modules/asynckit
1507 silly ADD node_modules/ms
1508 silly ADD node_modules/update-browserslist-db
1509 silly ADD node_modules/node-releases
1510 silly ADD node_modules/electron-to-chromium
1511 silly ADD node_modules/caniuse-lite
1512 silly ADD node_modules/baseline-browser-mapping
1513 silly ADD node_modules/proxy-from-env
1514 silly ADD node_modules/https-proxy-agent
1515 silly ADD node_modules/form-data
1516 silly ADD node_modules/follow-redirects
1517 silly ADD node_modules/@types/babel__traverse
1518 silly ADD node_modules/@types/babel__template
1519 silly ADD node_modules/@types/babel__generator
1520 silly ADD node_modules/@jridgewell/resolve-uri
1521 silly ADD node_modules/@jridgewell/sourcemap-codec
1522 silly ADD node_modules/@babel/helper-string-parser
1523 silly ADD node_modules/@babel/helper-globals
1524 silly ADD node_modules/@babel/helper-plugin-utils
1525 silly ADD node_modules/@babel/helper-module-imports
1526 silly ADD node_modules/lru-cache
1527 silly ADD node_modules/browserslist
1528 silly ADD node_modules/@babel/helper-validator-option
1529 silly ADD node_modules/@babel/compat-data
1530 silly ADD node_modules/jsesc
1531 silly ADD node_modules/@jridgewell/trace-mapping
1532 silly ADD node_modules/@jridgewell/gen-mapping
1533 silly ADD node_modules/picocolors
1534 silly ADD node_modules/js-tokens
1535 silly ADD node_modules/@babel/helper-validator-identifier
1536 silly ADD node_modules/semver
1537 silly ADD node_modules/json5
1538 silly ADD node_modules/gensync
1539 silly ADD node_modules/debug
1540 silly ADD node_modules/convert-source-map
1541 silly ADD node_modules/@jridgewell/remapping
1542 silly ADD node_modules/@babel/types
1543 silly ADD node_modules/@babel/traverse
1544 silly ADD node_modules/@babel/template
1545 silly ADD node_modules/@babel/parser
1546 silly ADD node_modules/@babel/helpers
1547 silly ADD node_modules/@babel/helper-module-transforms
1548 silly ADD node_modules/@babel/helper-compilation-targets
1549 silly ADD node_modules/@babel/generator
1550 silly ADD node_modules/@babel/code-frame
1551 silly ADD node_modules/react-refresh
1552 silly ADD node_modules/@types/babel__core
1553 silly ADD node_modules/@rolldown/pluginutils
1554 silly ADD node_modules/@babel/plugin-transform-react-jsx-source
1555 silly ADD node_modules/@babel/plugin-transform-react-jsx-self
1556 silly ADD node_modules/@babel/core
1557 silly ADD node_modules/csstype
1558 silly ADD node_modules/@types/prop-types
1559 silly ADD node_modules/typescript
1560 silly ADD node_modules/recharts
1561 silly ADD node_modules/react-dom
1562 silly ADD node_modules/react
1563 silly ADD node_modules/axios
1564 silly ADD node_modules/vite
1565 silly ADD node_modules/@vitejs/plugin-react
1566 silly ADD node_modules/@types/react-dom
1567 silly ADD node_modules/@types/react
1568 verbose cwd E:\FactorX\frontend
1569 verbose os Windows_NT 10.0.22631
1570 verbose node v20.19.0
1571 verbose npm  v10.8.2
1572 verbose exit 0
1573 info ok
